method,n,imp_V0,tr_V0,pval0,imp_V1,tr_V1,pval1,tr_time
LOCO-W,100,0.9196828850020253,1.0,4.9633963605799636e-11,-0.10135173785442818,0.0,0.6933398001883877,0.6504700183868408
LOCO-W,300,0.6562612575050947,1.0,2.3060442444489127e-12,-0.11343493239367114,0.0,0.8164830349637138,0.7663657665252686
LOCO-W,500,0.5350890339360628,1.0,6.661338147750939e-16,0.04963109545528539,0.0,0.2925798275023155,0.9305989742279053
LOCO-W,700,0.6294950631448051,1.0,0.0,0.09768216356536887,0.0,0.11524929477813972,1.2459304332733154
LOCO-W,1000,0.615641840816096,1.0,0.0,0.06324502881504093,0.0,0.1901180943180505,1.8851940631866455
LOCO-W,2000,0.6868644866262945,1.0,0.0,-0.08278340158405909,0.0,0.952253271023119,5.910449504852295
LOCO-W,3000,0.695652343847231,1.0,0.0,0.036295097279280666,0.0,0.19390541109191484,13.07427167892456
CPI,100,1.0571815450704356,1.0,0.0019984760650552593,-0.04828263429582991,0.0,0.62784739003855,18.367796659469604
CPI,300,0.5359006638568593,1.0,0.0013420063455571848,0.01431958187232174,0.0,0.4399891843073055,0.569521427154541
CPI,500,0.5915466239427735,1.0,7.287151230237985e-07,-0.005483928420912887,0.0,0.5452067536411901,0.8094706535339355
CPI,700,0.5967869968210303,1.0,6.901784579267933e-08,-0.00283117016761536,0.0,0.5210559905224612,1.1201179027557373
CPI,1000,0.6726353617524765,1.0,3.7134410494182907e-13,-0.005515405425264408,0.0,0.552179967666919,2.1603593826293945
CPI,2000,0.6422613373435033,1.0,2.1366963239477865e-25,-0.0011749992245999596,0.0,0.5176307724432212,7.448829174041748
CPI,3000,0.6919457862799547,1.0,4.60133224308192e-41,0.0020346062386346064,0.0,0.460848523016893,23.71949315071106
CPI_sqrt,100,1.0571815450704356,1.0,0.04318387206426395,-0.04828263429582991,0.0,0.5483715532931387,18.444843769073486
CPI_sqrt,300,0.5359006638568593,1.0,0.04560422324438046,0.01431958187232174,0.0,0.47555868650936206,0.5695855617523193
CPI_sqrt,500,0.5915466239427735,1.0,0.0032983439697817155,-0.005483928420912887,0.0,0.5152693611790871,0.8075258731842041
CPI_sqrt,700,0.5967869968210303,1.0,0.001665338312832869,-0.00283117016761536,0.0,0.5078631816368991,1.1008646488189697
CPI_sqrt,1000,0.6726353617524765,1.0,3.6920214666758055e-05,-0.005515405425264408,0.0,0.5186467977888272,2.1552066802978516
CPI_sqrt,2000,0.6422613373435033,1.0,5.599313998116801e-09,-0.0011749992245999596,0.0,0.5060904326473963,7.424516439437866
CPI_sqrt,3000,0.6919457862799547,1.0,8.759603128419742e-14,0.0020346062386346064,0.0,0.48709206502638,23.674098014831543
CPI_n,100,1.0571815450704356,1.0,0.0052164366482016005,-0.04828263429582991,0.0,0.5985060543798608,21.799360036849976
CPI_n,300,0.5359006638568593,1.0,0.0027644231538247453,0.01431958187232174,0.0,0.44795847006506156,0.5800721645355225
CPI_n,500,0.5915466239427735,1.0,2.936090389797786e-06,-0.005483928420912887,0.0,0.5389745952811684,0.7963871955871582
CPI_n,700,0.5967869968210303,1.0,2.9567458495737016e-07,-0.00283117016761536,0.0,0.5188715901843146,1.1140289306640625
CPI_n,1000,0.6726353617524765,1.0,3.661453345764632e-12,-0.005515405425264408,0.0,0.5472788943533476,2.1549150943756104
CPI_n,2000,0.6422613373435033,1.0,6.478646842418781e-24,-0.0011749992245999596,0.0,0.5163650737836414,7.431070566177368
CPI_n,3000,0.6919457862799547,1.0,5.008194526264826e-39,0.0020346062386346064,0.0,0.4633311763578406,23.672330379486084
CPI_bt,100,1.0571815450704356,1.0,1.3841640036192734e-06,-0.04828263429582991,0.0,0.7444283999999762,19.050768613815308
CPI_bt,300,0.5359006638568593,1.0,2.6278526867475328e-33,0.01431958187232174,0.0,0.24206825316239589,0.5662879943847656
CPI_bt,500,0.5915466239427735,1.0,4.542869961881681e-109,-0.005483928420912887,0.0,0.6960503346236386,0.8181288242340088
CPI_bt,700,0.5967869968210303,1.0,1.3773020337923822e-271,-0.00283117016761536,0.0,0.621088689058178,1.151789903640747
CPI_bt,1000,0.6726353617524765,1.0,0.0,-0.005515405425264408,0.0,0.8112301164097149,2.241020917892456
CPI_bt,2000,0.6422613373435033,1.0,0.0,-0.0011749992245999596,0.0,0.6636054914812066,7.770148038864136
CPI_bt,3000,0.6919457862799547,1.0,0.0,0.0020346062386346064,0.0,0.13342916516646464,24.353158473968506
CPI_sqd,100,1.0571815450704356,1.0,5.433257601024754e-26,-0.04828263429582991,0.0,0.9956350477029647,9.755704641342163
CPI_sqd,300,0.5359006638568593,1.0,2.5988736025535972e-48,0.01431958187232174,0.0,0.0820202746464464,0.5716347694396973
CPI_sqd,500,0.5915466239427735,1.0,0.0,-0.005483928420912887,0.0,0.9882631827203804,0.8302359580993652
CPI_sqd,700,0.5967869968210303,1.0,0.0,-0.00283117016761536,0.0,0.8251152488467681,1.153432846069336
CPI_sqd,1000,0.6726353617524765,1.0,0.0,-0.005515405425264408,0.0,0.9984962502526663,2.24212908744812
CPI_sqd,2000,0.6422613373435033,1.0,0.0,-0.0011749992245999596,0.0,0.9489574123589697,7.825052261352539
CPI_sqd,3000,0.6919457862799547,1.0,0.0,0.0020346062386346064,0.0,2.257424363332373e-07,24.377066612243652
R-CPI,100,1.025158384310261,1.0,0.03594482472071512,-0.16150647375265664,0.0,0.7271541034069945,9.76715350151062
R-CPI,300,0.48746701846144996,1.0,0.027114519990202146,-0.01175090075911706,0.0,0.5277669939011329,0.5940694808959961
R-CPI,500,0.5410143667604399,1.0,0.0001126544936588504,-0.0077268743646069,0.0,0.535667117118502,0.8159759044647217
R-CPI,700,0.6929894524023392,1.0,4.106480143873176e-05,-0.008555494036867768,0.0,0.5350253363124131,1.1239337921142578
R-CPI,1000,0.7394738968792648,1.0,8.32439812295105e-09,0.0027036136292095266,0.0,0.48626000552798393,2.1781396865844727
R-CPI,2000,0.6234085153136596,1.0,2.3272337146729706e-16,-0.004771306557205257,0.0,0.5393536934588203,7.546152830123901
R-CPI,3000,0.7107896995667203,1.0,6.697945913086491e-28,0.000568629868540237,0.0,0.4939535790593769,23.917397022247314
R-CPI_sqrt,100,1.025158384310261,1.0,0.10527651988551506,-0.16150647375265664,0.0,0.6227458358661143,9.751271724700928
R-CPI_sqrt,300,0.48746701846144996,1.0,0.10682305088496935,-0.01175090075911706,0.0,0.5152443058192655,0.5757424831390381
R-CPI_sqrt,500,0.5410143667604399,1.0,0.012573196334727798,-0.0077268743646069,0.0,0.5170009033494875,0.8059782981872559
R-CPI_sqrt,700,0.6929894524023392,1.0,0.004588813791052772,-0.008555494036867768,0.0,0.5182129095441925,1.1259791851043701
R-CPI_sqrt,1000,0.7394738968792648,1.0,0.0001761782523194242,0.0027036136292095266,0.0,0.4930144308066807,2.183039665222168
R-CPI_sqrt,2000,0.6234085153136596,1.0,4.727171181210313e-07,-0.004771306557205257,0.0,0.5192830023377224,7.5579845905303955
R-CPI_sqrt,3000,0.7107896995667203,1.0,1.8687989429136602e-11,0.000568629868540237,0.0,0.49715336501430213,23.94175124168396
R-CPI_n,100,1.025158384310261,1.0,0.04778826673228813,-0.16150647375265664,0.0,0.6971917889630415,9.731158971786499
R-CPI_n,300,0.48746701846144996,1.0,0.034387712797945245,-0.01175090075911706,0.0,0.5255548593152427,0.5950639247894287
R-CPI_n,500,0.5410143667604399,1.0,0.00022950627072688065,-0.0077268743646069,0.0,0.5327342984965552,0.809434175491333
R-CPI_n,700,0.6929894524023392,1.0,7.123879538064001e-05,-0.008555494036867768,0.0,0.5329288935613387,1.1255502700805664
R-CPI_n,1000,0.7394738968792648,1.0,2.3675219853413592e-08,0.0027036136292095266,0.0,0.48698642091514,2.171722173690796
R-CPI_n,2000,0.6234085153136596,1.0,1.3045481284696684e-15,-0.004771306557205257,0.0,0.5377507964893443,7.568881988525391
R-CPI_n,3000,0.7107896995667203,1.0,8.098620162870129e-27,0.000568629868540237,0.0,0.49417194423990446,23.921013355255127
R-CPI_bt,100,1.025158384310261,1.0,0.01607412737563576,-0.16150647375265664,0.0,0.9018227095737582,9.753554582595825
R-CPI_bt,300,0.48746701846144996,1.0,2.0674716839259557e-09,-0.01175090075911706,0.0,0.6060035222663308,0.5938272476196289
R-CPI_bt,500,0.5410143667604399,1.0,5.799822598568729e-65,-0.0077268743646069,0.0,0.6939774862724011,0.8217775821685791
R-CPI_bt,700,0.6929894524023392,1.0,1.2643482791040129e-84,-0.008555494036867768,0.0,0.7201266777183631,1.1653916835784912
R-CPI_bt,1000,0.7394738968792648,1.0,6.151758483395003e-222,0.0027036136292095266,0.0,0.4054294160969102,2.2598817348480225
R-CPI_bt,2000,0.6234085153136596,1.0,0.0,-0.004771306557205257,0.0,0.8650271745161132,7.8609230518341064
R-CPI_bt,3000,0.7107896995667203,1.0,0.0,0.000568629868540237,0.0,0.41777989580846475,24.50179100036621
R-CPI_sqd,100,1.025158384310261,1.0,0.0031959198880061337,-0.16150647375265664,0.0,0.9739043480540375,9.741083145141602
R-CPI_sqd,300,0.48746701846144996,1.0,1.2439213652728707e-10,-0.01175090075911706,0.0,0.6611043793285782,0.5991775989532471
R-CPI_sqd,500,0.5410143667604399,1.0,5.001210940516653e-148,-0.0077268743646069,0.0,0.8794408025431311,0.8451306819915771
R-CPI_sqd,700,0.6929894524023392,1.0,3.1874403372147166e-104,-0.008555494036867768,0.0,0.7976002361490132,1.165252447128296
R-CPI_sqd,1000,0.7394738968792648,1.0,0.0,0.0027036136292095266,0.0,0.3216802252354132,2.24641752243042
R-CPI_sqd,2000,0.6234085153136596,1.0,0.0,-0.004771306557205257,0.0,0.986633929235477,7.823687791824341
R-CPI_sqd,3000,0.7107896995667203,1.0,0.0,0.000568629868540237,0.0,0.3304222529814255,24.52005434036255
R-CPI2,100,0.8304431975249804,1.0,0.06667626171953146,-0.2017406976656128,0.0,0.7525698042788538,9.802554368972778
R-CPI2,300,0.4566993937775008,1.0,0.040884200113992526,-0.03343740462341747,0.0,0.5727976607334612,0.6604492664337158
R-CPI2,500,0.546157449220184,1.0,0.0004039415660469819,-0.009338741256422018,0.0,0.5396336709171411,0.9109523296356201
R-CPI2,700,0.645214284272894,1.0,0.0001029746564896954,-0.007278645181656946,0.0,0.5273011400889309,1.2582359313964844
R-CPI2,1000,0.6781071406817534,1.0,1.453966619907844e-07,-0.00033962027661480507,0.0,0.5015926857919365,2.3595902919769287
R-CPI2,2000,0.5984450799182777,1.0,1.1897476170562794e-13,-0.005573680648209823,0.0,0.5420182546935706,8.370164394378662
R-CPI2,3000,0.6812570148177409,1.0,9.124145095333843e-25,0.0006116107886238351,0.0,0.4940310819103534,25.774603605270386
R-CPI2_sqrt,100,0.8304431975249804,1.0,0.15036183108599133,-0.2017406976656128,0.0,0.6444355988818694,9.799393653869629
R-CPI2_sqrt,300,0.4566993937775008,1.0,0.12745729775797887,-0.03343740462341747,0.0,0.5414852626122846,0.6505868434906006
R-CPI2_sqrt,500,0.546157449220184,1.0,0.01712790722754784,-0.009338741256422018,0.0,0.5197252138373137,0.911670446395874
R-CPI2_sqrt,700,0.645214284272894,1.0,0.007235286286791131,-0.007278645181656946,0.0,0.5147896527935149,1.2573773860931396
R-CPI2_sqrt,1000,0.6781071406817534,1.0,0.0005602621055431321,-0.00033962027661480507,0.0,0.5008416544630399,2.3539962768554688
R-CPI2_sqrt,2000,0.5984450799182777,1.0,2.934995901069516e-06,-0.005573680648209823,0.0,0.5215346476962704,8.497110605239868
R-CPI2_sqrt,3000,0.6812570148177409,1.0,1.9850726917782792e-10,0.0006116107886238351,0.0,0.4970620630710366,25.829959869384766
R-CPI2_n,100,0.8304431975249804,1.0,0.08272758378926243,-0.2017406976656128,0.0,0.7229197958138288,9.805134534835815
R-CPI2_n,300,0.4566993937775008,1.0,0.04961242548683514,-0.03343740462341747,0.0,0.5674426810618131,0.6546545028686523
R-CPI2_n,500,0.546157449220184,1.0,0.0006919257332866882,-0.009338741256422018,0.0,0.5366181630666348,0.9074404239654541
R-CPI2_n,700,0.645214284272894,1.0,0.0001694742591241797,-0.007278645181656946,0.0,0.5257957390209897,1.2559199333190918
R-CPI2_n,1000,0.6781071406817534,1.0,3.439808516188649e-07,-0.00033962027661480507,0.0,0.5015146531517755,2.3551418781280518
R-CPI2_n,2000,0.5984450799182777,1.0,4.479664335345089e-13,-0.005573680648209823,0.0,0.540448849134152,8.400094032287598
R-CPI2_n,3000,0.6812570148177409,1.0,7.817321852975282e-24,0.0006116107886238351,0.0,0.4942295194374039,25.613425731658936
R-CPI2_bt,100,0.8304431975249804,1.0,0.00574339915743189,-0.2017406976656128,0.0,0.9441428671892591,9.804273843765259
R-CPI2_bt,300,0.4566993937775008,1.0,2.372041665417684e-07,-0.03343740462341747,0.0,0.8027291703870176,0.6652796268463135
R-CPI2_bt,500,0.546157449220184,1.0,4.0282761766242263e-73,-0.009338741256422018,0.0,0.6945657844272767,0.9297306537628174
R-CPI2_bt,700,0.645214284272894,1.0,1.2270301950066942e-57,-0.007278645181656946,0.0,0.6757896158540342,1.3113181591033936
R-CPI2_bt,1000,0.6781071406817534,1.0,1.191050197475786e-213,-0.00033962027661480507,0.0,0.5118774235706496,2.424527645111084
R-CPI2_bt,2000,0.5984450799182777,1.0,0.0,-0.005573680648209823,0.0,0.8644880821628108,8.70769715309143
R-CPI2_bt,3000,0.6812570148177409,1.0,0.0,0.0006116107886238351,0.0,0.4199750907439488,25.999807357788086
R-CPI2_sqd,100,0.8304431975249804,1.0,3.1894447604357025e-05,-0.2017406976656128,0.0,0.9859880976749404,9.80815315246582
R-CPI2_sqd,300,0.4566993937775008,1.0,7.051430814887746e-10,-0.03343740462341747,0.0,0.8822735538013129,0.6805386543273926
R-CPI2_sqd,500,0.546157449220184,1.0,7.386333157641883e-64,-0.009338741256422018,0.0,0.810715189045043,0.9321169853210449
R-CPI2_sqd,700,0.645214284272894,1.0,1.5579600373790088e-96,-0.007278645181656946,0.0,0.7468089093633269,1.2958226203918457
R-CPI2_sqd,1000,0.6781071406817534,1.0,0.0,-0.00033962027661480507,0.0,0.5177471001006622,2.437164068222046
R-CPI2_sqd,2000,0.5984450799182777,1.0,0.0,-0.005573680648209823,0.0,0.9775828931600528,8.440282344818115
R-CPI2_sqd,3000,0.6812570148177409,1.0,0.0,0.0006116107886238351,0.0,0.3670437837084636,25.872109413146973
LOCO,100,0.9065889190200704,1.0,0.06139797713616565,0.04173654418530637,0.0,0.446692598505677,0.6563646793365479
LOCO,300,0.49011445070439796,1.0,0.03512182316577186,-0.03628003585215711,0.0,0.5766646483622144,0.627284049987793
LOCO,500,0.5199129215308498,1.0,0.0005303959407259498,-0.009826139776489606,0.0,0.5412856034291008,0.8424091339111328
LOCO,700,0.6129787553969752,1.0,0.0002295495688241259,-0.00433632750277857,0.0,0.5159017895667544,1.145207405090332
LOCO,1000,0.6734898658486381,1.0,1.933542328050025e-07,-0.004186998965452604,0.0,0.5193808720208888,2.131622314453125
LOCO,2000,0.6176232980812671,1.0,4.582498009468413e-14,-0.005378846539257465,0.0,0.5401651562019534,7.154147148132324
LOCO,3000,0.671591306402945,1.0,5.763376299139462e-24,-0.00041091310136065484,0.0,0.5039642032216003,23.158411026000977
LOCO_sqrt,100,0.9065889190200704,1.0,0.13928412170825866,0.04173654418530637,0.0,0.47032686010365066,0.6336324214935303
LOCO_sqrt,300,0.49011445070439796,1.0,0.11567007064051327,-0.03628003585215711,0.0,0.5442558632829216,0.6347558498382568
LOCO_sqrt,500,0.5199129215308498,1.0,0.020238448715389726,-0.009826139776489606,0.0,0.5206517560817355,0.8246150016784668
LOCO_sqrt,700,0.6129787553969752,1.0,0.010351641598683075,-0.00433632750277857,0.0,0.5087023188943101,1.1399555206298828
LOCO_sqrt,1000,0.6734898658486381,1.0,0.0006221886037207527,-0.004186998965452604,0.0,0.510305805242965,2.1298162937164307
LOCO_sqrt,2000,0.6176232980812671,1.0,1.7870669914675107e-06,-0.005378846539257465,0.0,0.5206796844908703,7.122589111328125
LOCO_sqrt,3000,0.671591306402945,1.0,3.8001351257892585e-10,-0.00041091310136065484,0.0,0.5019626354824049,23.105615615844727
LOCO_n,100,0.9065889190200704,1.0,0.07603915022278918,0.04173654418530637,0.0,0.45345467960371766,0.6423590183258057
LOCO_n,300,0.49011445070439796,1.0,0.042939381009274094,-0.03628003585215711,0.0,0.5711821334880595,0.6282708644866943
LOCO_n,500,0.5199129215308498,1.0,0.0008996720604044988,-0.009826139776489606,0.0,0.5381738022361422,0.8208684921264648
LOCO_n,700,0.6129787553969752,1.0,0.0003579347487916646,-0.00433632750277857,0.0,0.5150430790911458,1.125756025314331
LOCO_n,1000,0.6734898658486381,1.0,4.4819475501743896e-07,-0.004186998965452604,0.0,0.518443362806109,2.132983922958374
LOCO_n,2000,0.6176232980812671,1.0,1.772001389107783e-13,-0.005378846539257465,0.0,0.538678435585139,7.197551965713501
LOCO_n,3000,0.671591306402945,1.0,4.550625329572594e-23,-0.00041091310136065484,0.0,0.5038338734044167,23.104689836502075
LOCO_bt,100,0.9065889190200704,1.0,0.030950752302315115,0.04173654418530637,0.0,0.3802083886645863,0.6453390121459961
LOCO_bt,300,0.49011445070439796,1.0,4.3270052239856335e-07,-0.03628003585215711,0.0,0.7977751014544098,0.6277337074279785
LOCO_bt,500,0.5199129215308498,1.0,7.247025387794015e-48,-0.009826139776489606,0.0,0.6986355950288697,0.8472437858581543
LOCO_bt,700,0.6129787553969752,1.0,4.407773187498704e-68,-0.00433632750277857,0.0,0.5919341441998087,1.1769390106201172
LOCO_bt,1000,0.6734898658486381,1.0,8.320609623075119e-195,-0.004186998965452604,0.0,0.6314773796906342,2.2078096866607666
LOCO_bt,2000,0.6176232980812671,1.0,0.0,-0.005378846539257465,0.0,0.871127558012141,7.4625937938690186
LOCO_bt,3000,0.671591306402945,1.0,0.0,-0.00041091310136065484,0.0,0.5533838943201047,23.788675546646118
LOCO_sqd,100,0.9065889190200704,1.0,0.00431781662249926,0.04173654418530637,0.0,0.36331998329201265,0.629744291305542
LOCO_sqd,300,0.49011445070439796,1.0,2.219871586662462e-15,-0.03628003585215711,0.0,0.8238698824858319,0.6264858245849609
LOCO_sqd,500,0.5199129215308498,1.0,1.335300794348335e-72,-0.009826139776489606,0.0,0.8570442538748069,0.845203161239624
LOCO_sqd,700,0.6129787553969752,1.0,4.161058921050212e-160,-0.00433632750277857,0.0,0.6430486627341674,1.1730663776397705
LOCO_sqd,1000,0.6734898658486381,1.0,0.0,-0.004186998965452604,0.0,0.712456268063759,2.2170839309692383
LOCO_sqd,2000,0.6176232980812671,1.0,0.0,-0.005378846539257465,0.0,0.9663075146202994,7.468374013900757
LOCO_sqd,3000,0.671591306402945,1.0,0.0,-0.00041091310136065484,0.0,0.6102850784214622,23.818740606307983
LOCO-W,100,1.141653644031589,1.0,2.626175810149789e-08,0.015309785471778017,0.0,0.4731483119585017,0.6177995204925537
LOCO-W,300,0.7001159039628196,1.0,5.6288307348495437e-14,-0.12256531317344706,0.0,0.840372049978547,0.7409482002258301
LOCO-W,500,0.6956193231414503,1.0,0.0,0.04278069361733262,0.0,0.33478248325372206,0.9654688835144043
LOCO-W,700,0.782672448532835,1.0,0.0,0.1842939179761894,0.0,0.017253265188047484,1.3763518333435059
LOCO-W,1000,0.7079353067308903,1.0,0.0,0.02100957790093379,0.0,0.39608508442791435,1.8313281536102295
LOCO-W,2000,0.6856396723953888,1.0,0.0,0.04864991688682005,0.0,0.1716422710044181,5.584559917449951
LOCO-W,3000,0.691071062948971,1.0,0.0,0.032671708077605575,0.0,0.21375718789001685,16.259589672088623
CPI,100,1.0163294309662834,1.0,0.0020095830532139676,0.04390573696653921,0.0,0.3906026929503004,0.444469690322876
CPI,300,0.5837142094142669,1.0,0.00013230138664107284,0.029664260983049306,0.0,0.3459437767923629,0.6068367958068848
CPI,500,0.7557890617458812,1.0,1.666872207874148e-08,-0.03897109307254887,0.0,0.7890249535971411,0.8135964870452881
CPI,700,0.7420921207109825,1.0,1.7447775960695684e-10,0.004019964596998826,0.0,0.4586377555055366,1.2089817523956299
CPI,1000,0.6652205197382952,1.0,1.3154389059263303e-14,-0.0005822540927261644,0.0,0.5052257455190465,2.059757709503174
CPI,2000,0.727837416379563,1.0,8.166591147798886e-26,0.001998139005128019,0.0,0.47035887617030936,6.01334023475647
CPI,3000,0.6749837691939107,1.0,1.2057946873953137e-36,-0.0020590150648363004,0.0,0.5372945009187069,21.74851942062378
CPI_sqrt,100,1.0163294309662834,1.0,0.05125339929513742,0.04390573696653921,0.0,0.45907173945105206,0.4528329372406006
CPI_sqrt,300,0.5837142094142669,1.0,0.026926182760290792,0.029664260983049306,0.0,0.44577836113573244,0.6135945320129395
CPI_sqrt,500,0.7557890617458812,1.0,0.0010044484434567585,-0.03897109307254887,0.0,0.5984111411259909,0.802276611328125
CPI_sqrt,700,0.7420921207109825,1.0,0.00010646831164756959,0.004019964596998826,0.0,0.4867311170495524,1.2001738548278809
CPI_sqrt,1000,0.6652205197382952,1.0,3.24832004611562e-05,-0.0005822540927261644,0.0,0.5018785598376588,2.052178382873535
CPI_sqrt,2000,0.727837416379563,1.0,1.2001551884223236e-09,0.001998139005128019,0.0,0.4899240205139455,6.009846448898315
CPI_sqrt,3000,0.6749837691939107,1.0,1.3370088431670258e-12,-0.0020590150648363004,0.0,0.5126567928488838,21.811245679855347
CPI_n,100,1.0163294309662834,1.0,0.005778013560937456,0.04390573696653921,0.0,0.4160981815151303,0.45205116271972656
CPI_n,300,0.5837142094142669,1.0,0.00042769801606489644,0.029664260983049306,0.0,0.37071024180027445,0.6052455902099609
CPI_n,500,0.7557890617458812,1.0,1.0566791592612661e-07,-0.03897109307254887,0.0,0.7516600799973909,0.8090283870697021
CPI_n,700,0.7420921207109825,1.0,1.0603642851374638e-09,0.004019964596998826,0.0,0.4639059687080427,1.193526268005371
CPI_n,1000,0.6652205197382952,1.0,2.3023010852781603e-13,-0.0005822540927261644,0.0,0.5047383164670176,2.0494213104248047
CPI_n,2000,0.727837416379563,1.0,2.0364694922483213e-24,0.001998139005128019,0.0,0.47253491193371844,6.015452146530151
CPI_n,3000,0.6749837691939107,1.0,7.201086656842835e-35,-0.0020590150648363004,0.0,0.5350239105095709,21.660027980804443
CPI_bt,100,1.0163294309662834,1.0,4.458267109880955e-06,0.04390573696653921,0.0,0.2586446778848498,0.4489326477050781
CPI_bt,300,0.5837142094142669,1.0,1.101164770880002e-47,0.029664260983049306,0.0,0.07563710937637552,0.6127810478210449
CPI_bt,500,0.7557890617458812,1.0,5.71355722279424e-202,-0.03897109307254887,0.0,0.9997162242498867,0.8288092613220215
CPI_bt,700,0.7420921207109825,1.0,0.0,0.004019964596998826,0.0,0.285045422645787,1.2364118099212646
CPI_bt,1000,0.6652205197382952,1.0,0.0,-0.0005822540927261644,0.0,0.5361598750943654,2.129328489303589
CPI_bt,2000,0.727837416379563,1.0,0.0,0.001998139005128019,0.0,0.2388403281042344,6.300518989562988
CPI_bt,3000,0.6749837691939107,1.0,0.0,-0.0020590150648363004,0.0,0.8651647466727648,22.422248363494873
CPI_sqd,100,1.0163294309662834,1.0,1.5180389587987516e-07,0.04390573696653921,0.0,0.07177407071945392,0.4536278247833252
CPI_sqd,300,0.5837142094142669,1.0,3.172363255311213e-178,0.029664260983049306,0.0,1.67248973508643e-06,0.6129989624023438
CPI_sqd,500,0.7557890617458812,1.0,1.4000013693474363e-257,-0.03897109307254887,0.0,1.0,0.8230185508728027
CPI_sqd,700,0.7420921207109825,1.0,0.0,0.004019964596998826,0.0,0.006685500840600545,1.2426197528839111
CPI_sqd,1000,0.6652205197382952,1.0,0.0,-0.0005822540927261644,0.0,0.6468175109381443,2.1281139850616455
CPI_sqd,2000,0.727837416379563,1.0,0.0,0.001998139005128019,0.0,0.0022711976951752754,6.390725612640381
CPI_sqd,3000,0.6749837691939107,1.0,0.0,-0.0020590150648363004,0.0,0.9999845788947876,22.37938094139099
R-CPI,100,1.1210682552372409,1.0,0.045603653972383466,-0.14906060578236494,0.0,0.729837884187284,0.4601786136627197
R-CPI,300,0.5679857116554273,1.0,0.003735024246650824,-0.009712420696383289,0.0,0.5310622969538469,0.6122522354125977
R-CPI,500,0.7465412393488724,1.0,2.0759349290994446e-05,-0.07034961003521553,0.0,0.7858109428810671,0.8168172836303711
R-CPI,700,0.6801233294790694,1.0,3.569846195685345e-07,-0.021214437213552942,0.0,0.6207883028632825,1.2176299095153809
R-CPI,1000,0.7624841075853793,1.0,9.483606932965617e-09,-0.004865787072946775,0.0,0.5245223176283894,2.0720157623291016
R-CPI,2000,0.7153559846934786,1.0,4.574936942976242e-15,-0.001539439445724958,0.0,0.512563818084964,6.1345930099487305
R-CPI,3000,0.6748588356870655,1.0,5.0401920430429506e-23,-0.002957880372465431,0.0,0.5292816783136572,21.83596181869507
R-CPI_sqrt,100,1.1210682552372409,1.0,0.11472872867170825,-0.14906060578236494,0.0,0.6144017678891831,0.4517526626586914
R-CPI_sqrt,300,0.5679857116554273,1.0,0.05482924609986523,-0.009712420696383289,0.0,0.514490137217249,0.6208364963531494
R-CPI_sqrt,500,0.7465412393488724,1.0,0.0050181030856415905,-0.07034961003521553,0.0,0.639723556242686,0.8195919990539551
R-CPI_sqrt,700,0.6801233294790694,1.0,0.0009645679675551854,-0.021214437213552942,0.0,0.5558217346439781,1.2149314880371094
R-CPI_sqrt,1000,0.7624841075853793,1.0,0.0001933719288254511,-0.004865787072946775,0.0,0.5122598167863809,2.092705726623535
R-CPI_sqrt,2000,0.7153559846934786,1.0,3.722118493713865e-07,-0.001539439445724958,0.0,0.5060737875947164,6.123685359954834
R-CPI_sqrt,3000,0.6748588356870655,1.0,7.575592723845481e-10,-0.002957880372465431,0.0,0.5141870111594407,21.878706693649292
R-CPI_n,100,1.1210682552372409,1.0,0.05790149090143784,-0.14906060578236494,0.0,0.6947934038817829,0.4504976272583008
R-CPI_n,300,0.5679857116554273,1.0,0.00624282666925484,-0.009712420696383289,0.0,0.5277217442490157,0.615056037902832
R-CPI_n,500,0.7465412393488724,1.0,4.617552621484179e-05,-0.07034961003521553,0.0,0.7644070242944621,0.8166682720184326
R-CPI_n,700,0.6801233294790694,1.0,9.640026206107018e-07,-0.021214437213552942,0.0,0.6118709008960281,1.195082664489746
R-CPI_n,1000,0.7624841075853793,1.0,2.6963290685835187e-08,-0.004865787072946775,0.0,0.5231838791079373,2.0725901126861572
R-CPI_n,2000,0.7153559846934786,1.0,1.7885621336826463e-14,-0.001539439445724958,0.0,0.5120386999720442,6.0658392906188965
R-CPI_n,3000,0.6748588356870655,1.0,3.5797519877361005e-22,-0.002957880372465431,0.0,0.5282791661018822,21.714012384414673
R-CPI_bt,100,1.1210682552372409,1.0,0.001588443408914896,-0.14906060578236494,0.0,0.9329524354093337,0.4634227752685547
R-CPI_bt,300,0.5679857116554273,1.0,3.624239489344248e-23,-0.009712420696383289,0.0,0.64216839732597,0.6217441558837891
R-CPI_bt,500,0.7465412393488724,1.0,2.2598417333770626e-79,-0.07034961003521553,0.0,0.9999990255162005,0.8344275951385498
R-CPI_bt,700,0.6801233294790694,1.0,5.293927198613825e-146,-0.021214437213552942,0.0,0.9801097277425747,1.251889944076538
R-CPI_bt,1000,0.7624841075853793,1.0,6.556268595652595e-257,-0.004865787072946775,0.0,0.6829169680973111,2.148010730743408
R-CPI_bt,2000,0.7153559846934786,1.0,0.0,-0.001539439445724958,0.0,0.6275860729867546,6.397212505340576
R-CPI_bt,3000,0.6748588356870655,1.0,0.0,-0.002957880372465431,0.0,0.8336588693113129,22.509798288345337
R-CPI_sqd,100,1.1210682552372409,1.0,0.000510356662021906,-0.14906060578236494,0.0,0.9902393573413729,0.46131110191345215
R-CPI_sqd,300,0.5679857116554273,1.0,1.0547328241112173e-42,-0.009712420696383289,0.0,0.7424830988325866,0.6250951290130615
R-CPI_sqd,500,0.7465412393488724,1.0,8.144107877762034e-143,-0.07034961003521553,0.0,0.9999999999993509,0.8316140174865723
R-CPI_sqd,700,0.6801233294790694,1.0,0.0,-0.021214437213552942,0.0,0.9999913221653715,1.2593591213226318
R-CPI_sqd,1000,0.7624841075853793,1.0,0.0,-0.004865787072946775,0.0,0.7673647125847679,2.2051849365234375
R-CPI_sqd,2000,0.7153559846934786,1.0,0.0,-0.001539439445724958,0.0,0.7430000522359255,6.442969560623169
R-CPI_sqd,3000,0.6748588356870655,1.0,0.0,-0.002957880372465431,0.0,0.9698580540970226,22.49092173576355
R-CPI2,100,1.1237103474137211,1.0,0.03414433368585805,-0.29333905277659644,0.0,0.9008458813619771,0.5217983722686768
R-CPI2,300,0.6902459006094213,1.0,0.001915967531181253,-0.010221822251916637,0.0,0.5303680146004186,0.687706470489502
R-CPI2,500,0.7224001795250546,1.0,0.00012548470645777854,-0.08083087544948414,0.0,0.8014506762823825,0.8946866989135742
R-CPI2,700,0.6398530165859891,1.0,2.0147162573101474e-06,-0.021133748465726823,0.0,0.6104182155715412,1.3332290649414062
R-CPI2,1000,0.7811334622710754,1.0,3.26699166656661e-08,-0.002558211838483638,0.0,0.5118136334402167,2.252058744430542
R-CPI2,2000,0.7205900449414794,1.0,2.1830952635798374e-14,-0.003537086632613066,0.0,0.5265789885876556,6.757243633270264
R-CPI2,3000,0.6815903934982239,1.0,2.7505066450962016e-21,-0.003414868893735443,0.0,0.531034922199926,23.18276810646057
R-CPI2_sqrt,100,1.1237103474137211,1.0,0.10222081964077656,-0.29333905277659644,0.0,0.7224110854118913,0.5123915672302246
R-CPI2_sqrt,300,0.6902459006094213,1.0,0.0351772716960701,-0.010221822251916637,0.0,0.5147245667332312,0.6856732368469238
R-CPI2_sqrt,500,0.7224001795250546,1.0,0.008956075250419797,-0.08083087544948414,0.0,0.6545458136137903,0.8998994827270508
R-CPI2_sqrt,700,0.6398530165859891,1.0,0.0018894448498058144,-0.021133748465726823,0.0,0.5533687862953186,1.334876537322998
R-CPI2_sqrt,1000,0.7811334622710754,1.0,0.00024067637308031425,-0.002558211838483638,0.0,0.5061634586689056,2.2498557567596436
R-CPI2_sqrt,2000,0.7205900449414794,1.0,5.323872571684859e-07,-0.003537086632613066,0.0,0.5133997534446275,6.766115188598633
R-CPI2_sqrt,3000,0.6815903934982239,1.0,1.7557188139021446e-09,-0.003414868893735443,0.0,0.5157003714841237,23.523618698120117
R-CPI2_n,100,1.1237103474137211,1.0,0.045658484349056214,-0.29333905277659644,0.0,0.8550484285699034,0.5168535709381104
R-CPI2_n,300,0.6902459006094213,1.0,0.0032618980860065773,-0.010221822251916637,0.0,0.5273107824781498,0.689882755279541
R-CPI2_n,500,0.7224001795250546,1.0,0.00022841416496358492,-0.08083087544948414,0.0,0.7809191536342692,0.9276571273803711
R-CPI2_n,700,0.6398530165859891,1.0,4.733660049750553e-06,-0.021133748465726823,0.0,0.602874987582702,1.3586783409118652
R-CPI2_n,1000,0.7811334622710754,1.0,8.122786927346192e-08,-0.002558211838483638,0.0,0.5112198388928353,2.292417526245117
R-CPI2_n,2000,0.7205900449414794,1.0,7.645467457625751e-14,-0.003537086632613066,0.0,0.5255532956438589,6.592790603637695
R-CPI2_n,3000,0.6815903934982239,1.0,1.522041519485914e-20,-0.003414868893735443,0.0,0.5300568303652592,23.40316104888916
R-CPI2_bt,100,1.1237103474137211,1.0,0.0007799589022946991,-0.29333905277659644,0.0,0.9999161544691788,0.5205428600311279
R-CPI2_bt,300,0.6902459006094213,1.0,2.8765495921661467e-22,-0.010221822251916637,0.0,0.6275515086719511,0.7123768329620361
R-CPI2_bt,500,0.7224001795250546,1.0,2.164644325524926e-44,-0.08083087544948414,0.0,0.999994886047707,0.9268627166748047
R-CPI2_bt,700,0.6398530165859891,1.0,1.8814195828034785e-155,-0.021133748465726823,0.0,0.9701509341064678,1.378765344619751
R-CPI2_bt,1000,0.7811334622710754,1.0,1.3024981474378782e-195,-0.002558211838483638,0.0,0.5895478318908663,2.3622467517852783
R-CPI2_bt,2000,0.7205900449414794,1.0,0.0,-0.003537086632613066,0.0,0.7576816336610719,7.056757688522339
R-CPI2_bt,3000,0.6815903934982239,1.0,0.0,-0.003414868893735443,0.0,0.8489794473812976,24.185177087783813
R-CPI2_sqd,100,1.1237103474137211,1.0,0.025360278287761773,-0.29333905277659644,0.0,0.999999999998459,0.5169253349304199
R-CPI2_sqd,300,0.6902459006094213,1.0,1.5437131421457879e-55,-0.010221822251916637,0.0,0.7169518617393913,0.6960880756378174
R-CPI2_sqd,500,0.7224001795250546,1.0,2.7683062879026223e-70,-0.08083087544948414,0.0,1.0,0.9337515830993652
R-CPI2_sqd,700,0.6398530165859891,1.0,1.23670186305912e-196,-0.021133748465726823,0.0,0.9999115495856022,1.3815701007843018
R-CPI2_sqd,1000,0.7811334622710754,1.0,1.7269605395381235e-271,-0.002558211838483638,0.0,0.6480474646234816,2.353480100631714
R-CPI2_sqd,2000,0.7205900449414794,1.0,0.0,-0.003537086632613066,0.0,0.8975244667683815,7.0153234004974365
R-CPI2_sqd,3000,0.6815903934982239,1.0,0.0,-0.003414868893735443,0.0,0.957733421580663,23.42671537399292
LOCO,100,1.131388052346072,1.0,0.05175886940451029,-0.41551102778082405,0.0,0.9786255719904702,0.45146656036376953
LOCO,300,0.7445733049735239,1.0,0.0012038131522735971,-0.012231923757197949,0.0,0.5358578857005462,0.5755364894866943
LOCO,500,0.743469643670911,1.0,0.00011757602568632273,-0.0825008994398545,0.0,0.8052127883628253,0.7875838279724121
LOCO,700,0.6371758820995332,1.0,1.9577284884619395e-06,-0.023988721678450675,0.0,0.6239362111124,1.1318442821502686
LOCO,1000,0.787728964471053,1.0,3.8571340786033894e-08,0.00032172631688043296,0.0,0.49853600497109424,1.9408645629882812
LOCO,2000,0.7109399106788847,1.0,1.8748847550451796e-14,-0.0018141396769467688,0.0,0.5135640742979555,6.433119773864746
LOCO,3000,0.6876830426077088,1.0,2.436247564875301e-21,-0.0033383997992958436,0.0,0.5300340826371941,22.0577449798584
LOCO_sqrt,100,1.131388052346072,1.0,0.12028853601953199,-0.41551102778082405,0.0,0.8095445835365381,0.43979406356811523
LOCO_sqrt,300,0.7445733049735239,1.0,0.027517635873269768,-0.012231923757197949,0.0,0.5175077420699443,0.5648050308227539
LOCO_sqrt,500,0.743469643670911,1.0,0.00823193591875057,-0.0825008994398545,0.0,0.6572506957214101,0.7826418876647949
LOCO_sqrt,700,0.6371758820995332,1.0,0.0019025643519793723,-0.023988721678450675,0.0,0.5603036121408703,1.1131792068481445
LOCO_sqrt,1000,0.787728964471053,1.0,0.0002426478765495576,0.00032172631688043296,0.0,0.4992308492620346,1.925572156906128
LOCO_sqrt,2000,0.7109399106788847,1.0,5.747706308607213e-07,-0.0018141396769467688,0.0,0.5068543377814162,6.440807819366455
LOCO_sqrt,3000,0.6876830426077088,1.0,1.5120642402115873e-09,-0.0033383997992958436,0.0,0.515269893404543,22.07248592376709
LOCO_n,100,1.131388052346072,1.0,0.06418988338665543,-0.41551102778082405,0.0,0.9489244940359598,0.43511223793029785
LOCO_n,300,0.7445733049735239,1.0,0.002122367116612991,-0.012231923757197949,0.0,0.5322921971879909,0.5613687038421631
LOCO_n,500,0.743469643670911,1.0,0.00021221822151366756,-0.0825008994398545,0.0,0.7846609486239449,0.7597806453704834
LOCO_n,700,0.6371758820995332,1.0,4.630052984408112e-06,-0.023988721678450675,0.0,0.6155837562004477,1.1331284046173096
LOCO_n,1000,0.787728964471053,1.0,9.384592542153029e-08,0.00032172631688043296,0.0,0.4986085777788309,1.926560401916504
LOCO_n,2000,0.7109399106788847,1.0,6.740731464608327e-14,-0.0018141396769467688,0.0,0.5130428800263501,6.3541929721832275
LOCO_n,3000,0.6876830426077088,1.0,1.3374973089590637e-20,-0.0033383997992958436,0.0,0.529096721700945,22.041817665100098
LOCO_bt,100,1.131388052346072,1.0,0.018117701545537768,-0.41551102778082405,0.0,0.9999981592912622,0.4411029815673828
LOCO_bt,300,0.7445733049735239,1.0,2.0556061906483002e-30,-0.012231923757197949,0.0,0.6337449347213385,0.5655853748321533
LOCO_bt,500,0.743469643670911,1.0,5.385592197070526e-65,-0.0825008994398545,0.0,0.9999972761729176,0.7885403633117676
LOCO_bt,700,0.6371758820995332,1.0,9.420143441397304e-179,-0.023988721678450675,0.0,0.9804381955325179,1.1782841682434082
LOCO_bt,1000,0.787728964471053,1.0,4.325916680535482e-185,0.00032172631688043296,0.0,0.4894770414312063,2.0007684230804443
LOCO_bt,2000,0.7109399106788847,1.0,0.0,-0.0018141396769467688,0.0,0.6371310802723442,6.702945947647095
LOCO_bt,3000,0.6876830426077088,1.0,0.0,-0.0033383997992958436,0.0,0.8268723579811899,22.750357627868652
LOCO_sqd,100,1.131388052346072,1.0,0.0003649525660785667,-0.41551102778082405,0.0,1.0,0.4416942596435547
LOCO_sqd,300,0.7445733049735239,1.0,4.573812236995971e-25,-0.012231923757197949,0.0,0.696205833120584,0.5625743865966797
LOCO_sqd,500,0.743469643670911,1.0,4.982260757773922e-99,-0.0825008994398545,0.0,1.0,0.8062806129455566
LOCO_sqd,700,0.6371758820995332,1.0,6.023895780262461e-254,-0.023988721678450675,0.0,0.9999226075549141,1.1938819885253906
LOCO_sqd,1000,0.787728964471053,1.0,1.2083540908921182e-266,0.00032172631688043296,0.0,0.4841215486180103,2.002408266067505
LOCO_sqd,2000,0.7109399106788847,1.0,0.0,-0.0018141396769467688,0.0,0.7552355012301448,6.821432113647461
LOCO_sqd,3000,0.6876830426077088,1.0,0.0,-0.0033383997992958436,0.0,0.9386336709609155,22.743657112121582
LOCO-W,100,0.47720298688049584,1.0,0.00021528207666610122,-0.07188897169271653,0.0,0.6601981272878834,0.6523959636688232
LOCO-W,300,0.6646301841048925,1.0,8.881784197001252e-16,0.1057241452517383,0.0,0.1653467676619793,0.7562315464019775
LOCO-W,500,0.6221124948366157,1.0,0.0,0.06292025940409221,0.0,0.2570822207756629,0.945544958114624
LOCO-W,700,0.7216651060963033,1.0,0.0,-0.05856840107257654,0.0,0.7395638880046485,1.2391901016235352
LOCO-W,1000,0.6183328260835018,1.0,0.0,0.028343194766627066,0.0,0.35061558866778353,1.8785912990570068
LOCO-W,2000,0.668381963271216,1.0,0.0,-0.02747138544202188,0.0,0.6929785226513407,5.4285407066345215
LOCO-W,3000,0.6671603421281516,1.0,0.0,-0.016923302485649064,0.0,0.6577242843264585,14.378489255905151
CPI,100,0.3817117340342887,1.0,0.004200277217782112,0.07265744789454176,0.0,0.18935446906830705,0.4802110195159912
CPI,300,0.5678290099263152,1.0,0.0014928108206516385,0.014325404879289905,0.0,0.43089161348855737,0.5962157249450684
CPI,500,0.7215702149298131,1.0,1.142698590542708e-06,0.005160347849729852,0.0,0.4676582835069259,0.8358259201049805
CPI,700,0.690645552579161,1.0,1.3854358926755128e-09,-0.007281658223254661,0.0,0.5563168655046988,1.1190686225891113
CPI,1000,0.7786856083871714,1.0,5.309462705576906e-16,0.003509239654356011,0.0,0.46696415391894264,1.8198821544647217
CPI,2000,0.7038992277160532,1.0,4.303451463216085e-28,-0.004940578198489143,0.0,0.5624681750784442,6.381814241409302
CPI,3000,0.6079327041385895,1.0,1.9976925543468032e-35,-0.0029569485116763272,0.0,0.5473526226256137,22.0426287651062
CPI_sqrt,100,0.3817117340342887,1.0,0.1119287108157529,0.07265744789454176,0.0,0.38634246183375587,0.4772605895996094
CPI_sqrt,300,0.5678290099263152,1.0,0.03375692204367968,0.014325404879289905,0.0,0.47167974950324343,0.6047334671020508
CPI_sqrt,500,0.7215702149298131,1.0,0.0028322369903579737,0.005160347849729852,0.0,0.48801399069545104,0.8372702598571777
CPI_sqrt,700,0.690645552579161,1.0,0.00034178142025972723,-0.007281658223254661,0.0,0.5209503278778368,1.113420009613037
CPI_sqrt,1000,0.7786856083871714,1.0,3.1321342351466187e-06,0.003509239654356011,0.0,0.4880981326802528,1.8135855197906494
CPI_sqrt,2000,0.7038992277160532,1.0,9.54117101523897e-10,-0.004940578198489143,0.0,0.5233918611283831,6.36173939704895
CPI_sqrt,3000,0.6079327041385895,1.0,1.7422702802805356e-11,-0.0029569485116763272,0.0,0.5174805560803769,22.065007209777832
CPI_n,100,0.3817117340342887,1.0,0.014901633662396035,0.07265744789454176,0.0,0.26083848533058523,0.46913671493530273
CPI_n,300,0.5678290099263152,1.0,0.0026686132475807482,0.014325404879289905,0.0,0.4399820342422924,0.6051864624023438
CPI_n,500,0.7215702149298131,1.0,3.948206699103562e-06,0.005160347849729852,0.0,0.47159487463669936,0.8293123245239258
CPI_n,700,0.690645552579161,1.0,7.93225343557876e-09,-0.007281658223254661,0.0,0.5504502023197104,1.173396348953247
CPI_n,1000,0.7786856083871714,1.0,8.21313467864535e-15,0.003509239654356011,0.0,0.4700342904186831,1.8039097785949707
CPI_n,2000,0.7038992277160532,1.0,1.9912598857873938e-26,-0.004940578198489143,0.0,0.5584886289567996,6.404433012008667
CPI_n,3000,0.6079327041385895,1.0,1.4167430295482872e-33,-0.0029569485116763272,0.0,0.5448039619353804,22.0313937664032
CPI_bt,100,0.3817117340342887,1.0,5.4559135190956275e-11,0.07265744789454176,0.0,0.02037038259281595,0.46663427352905273
CPI_bt,300,0.5678290099263152,1.0,8.643582770923825e-41,0.014325404879289905,0.0,0.2075352418245981,0.6181704998016357
CPI_bt,500,0.7215702149298131,1.0,3.5309727309922954e-123,0.005160347849729852,0.0,0.35257953167122336,0.8649823665618896
CPI_bt,700,0.690645552579161,1.0,3.099009749122863e-264,-0.007281658223254661,0.0,0.7989062626262722,1.146204948425293
CPI_bt,1000,0.7786856083871714,1.0,0.0,0.003509239654356011,0.0,0.286538757920498,1.9017884731292725
CPI_bt,2000,0.7038992277160532,1.0,0.0,-0.004940578198489143,0.0,0.9403385571098027,6.658038854598999
CPI_bt,3000,0.6079327041385895,1.0,0.0,-0.0029569485116763272,0.0,0.9265984724417817,22.744884252548218
CPI_sqd,100,0.3817117340342887,1.0,6.7830220977541766e-96,0.07265744789454176,0.0,1.017885729606979e-27,0.46868014335632324
CPI_sqd,300,0.5678290099263152,1.0,7.702447660112529e-42,0.014325404879289905,0.0,0.030845222885975694,0.6071782112121582
CPI_sqd,500,0.7215702149298131,1.0,1.4482512032251752e-259,0.005160347849729852,0.0,0.1119793054978796,0.8608510494232178
CPI_sqd,700,0.690645552579161,1.0,0.0,-0.007281658223254661,0.0,0.9933040477526921,1.1517505645751953
CPI_sqd,1000,0.7786856083871714,1.0,0.0,0.003509239654356011,0.0,0.02421816034997946,1.8869290351867676
CPI_sqd,2000,0.7038992277160532,1.0,0.0,-0.004940578198489143,0.0,0.9999990154904982,6.667849779129028
CPI_sqd,3000,0.6079327041385895,1.0,0.0,-0.0029569485116763272,0.0,0.9999996933982174,22.742842435836792
R-CPI,100,0.2982826769170883,1.0,0.11018683300376558,0.022433765867805523,0.0,0.4453249519640176,0.4823923110961914
R-CPI,300,0.38813144223447904,1.0,0.020423883197395177,0.010939091690300313,0.0,0.4708341810018163,0.6171894073486328
R-CPI,500,0.7836187538595223,1.0,0.0001095259316937794,-0.02908023141906019,0.0,0.600139762963464,0.8436222076416016
R-CPI,700,0.4914663742896879,1.0,0.00030576604026502375,-0.00565960004446127,0.0,0.5237954757151941,1.1260254383087158
R-CPI,1000,0.7404399038914289,1.0,1.656204625562862e-08,0.0016813111601590965,0.0,0.4911934178884828,1.8222272396087646
R-CPI,2000,0.5995675546192468,1.0,1.69853775958888e-12,-0.010032163972386599,0.0,0.5697346271405759,6.4559009075164795
R-CPI,3000,0.6359073439937569,1.0,5.917157109169356e-18,-0.004849904718374361,0.0,0.5428554530935168,22.200594425201416
R-CPI_sqrt,100,0.2982826769170883,1.0,0.23474065776198677,0.022433765867805523,0.0,0.47307665980990776,0.4844222068786621
R-CPI_sqrt,300,0.38813144223447904,1.0,0.10464354194630415,0.010939091690300313,0.0,0.4837718533474069,0.5990211963653564
R-CPI_sqrt,500,0.7836187538595223,1.0,0.007191916457056105,-0.02908023141906019,0.0,0.5519307084384466,0.8336331844329834
R-CPI_sqrt,700,0.4914663742896879,1.0,0.016541266796697825,-0.00565960004446127,0.0,0.5124027853820897,1.1224370002746582
R-CPI_sqrt,1000,0.7404399038914289,1.0,0.0002020685675036629,0.0016813111601590965,0.0,0.4955709280405204,1.8245844841003418
R-CPI_sqrt,2000,0.5995675546192468,1.0,7.959554076659594e-06,-0.010032163972386599,0.0,0.536370656324378,6.408817768096924
R-CPI_sqrt,3000,0.6359073439937569,1.0,2.6987363337259213e-08,-0.004849904718374361,0.0,0.5220583688023115,22.200408220291138
R-CPI_n,100,0.2982826769170883,1.0,0.13837268976909362,0.022433765867805523,0.0,0.45397659936291945,0.4672989845275879
R-CPI_n,300,0.38813144223447904,1.0,0.027559463502233036,0.010939091690300313,0.0,0.4730944768983144,0.6142101287841797
R-CPI_n,500,0.7836187538595223,1.0,0.0001939425234302388,-0.02908023141906019,0.0,0.5931135735845389,0.8527731895446777
R-CPI_n,700,0.4914663742896879,1.0,0.0005035962686847355,-0.00565960004446127,0.0,0.5223774017380605,1.1236484050750732
R-CPI_n,1000,0.7404399038914289,1.0,4.383875393208432e-08,0.0016813111601590965,0.0,0.4916688029924627,1.8224196434020996
R-CPI_n,2000,0.5995675546192468,1.0,5.593028679117923e-12,-0.010032163972386599,0.0,0.5672229128359169,6.452152490615845
R-CPI_n,3000,0.6359073439937569,1.0,2.3462934738312523e-17,-0.004849904718374361,0.0,0.5415507726495336,22.187355995178223
R-CPI_bt,100,0.2982826769170883,1.0,0.0001617577193584714,0.022433765867805523,0.0,0.34173983992547075,0.4732236862182617
R-CPI_bt,300,0.38813144223447904,1.0,1.3956349126271054e-17,0.010939091690300313,0.0,0.3815530767048315,0.627164363861084
R-CPI_bt,500,0.7836187538595223,1.0,9.454816523189062e-72,-0.02908023141906019,0.0,0.9259705820547105,0.8697638511657715
R-CPI_bt,700,0.4914663742896879,1.0,8.714202272301506e-73,-0.00565960004446127,0.0,0.6317348191021852,1.1677827835083008
R-CPI_bt,1000,0.7404399038914289,1.0,8.532772427961209e-274,0.0016813111601590965,0.0,0.4355255295540671,1.907973051071167
R-CPI_bt,2000,0.5995675546192468,1.0,0.0,-0.010032163972386599,0.0,0.9687153597545928,6.728936195373535
R-CPI_bt,3000,0.6359073439937569,1.0,0.0,-0.004849904718374361,0.0,0.916960876940445,22.900354862213135
R-CPI_sqd,100,0.2982826769170883,1.0,2.8987499134654794e-18,0.022433765867805523,0.0,0.16594753814537844,0.4792311191558838
R-CPI_sqd,300,0.38813144223447904,1.0,4.6800507832298415e-33,0.010939091690300313,0.0,0.30207902430290146,0.6199944019317627
R-CPI_sqd,500,0.7836187538595223,1.0,9.836648997707037e-47,-0.02908023141906019,0.0,0.9810744918614502,0.89131760597229
R-CPI_sqd,700,0.4914663742896879,1.0,5.916879220916965e-125,-0.00565960004446127,0.0,0.7559498973843086,1.1705000400543213
R-CPI_sqd,1000,0.7404399038914289,1.0,0.0,0.0016813111601590965,0.0,0.38631292601173306,1.9124972820281982
R-CPI_sqd,2000,0.5995675546192468,1.0,0.0,-0.010032163972386599,0.0,0.9985223942370618,6.745709657669067
R-CPI_sqd,3000,0.6359073439937569,1.0,0.0,-0.004849904718374361,0.0,0.9927034613611861,22.938807725906372
R-CPI2,100,0.335363782383493,1.0,0.13895661125874786,0.024414144908874114,0.0,0.4433260223433034,0.5340263843536377
R-CPI2,300,0.3865565878340944,1.0,0.023152107897790153,0.007529613645856969,0.0,0.48109907215101744,0.6884396076202393
R-CPI2,500,0.7465755910848101,1.0,0.00034825294088689776,-0.019067312633020028,0.0,0.5605473820720381,0.9445841312408447
R-CPI2,700,0.46196722612905594,1.0,0.0007817815164402758,-0.007125566539689104,0.0,0.5275909777180774,1.2363121509552002
R-CPI2,1000,0.7401424428359911,1.0,1.068350050464466e-08,-8.036786445165361e-05,0.0,0.5003881443033087,1.9962501525878906
R-CPI2,2000,0.5973927650513537,1.0,4.377669556490028e-11,-0.010112141406726997,0.0,0.5644873681723256,7.105221748352051
R-CPI2,3000,0.6431279866969628,1.0,1.8415546218592544e-17,-0.0038416737928857595,0.0,0.5311838136929382,23.502371072769165
R-CPI2_sqrt,100,0.335363782383493,1.0,0.24149886078888072,0.024414144908874114,0.0,0.4714003153297903,0.5405981540679932
R-CPI2_sqrt,300,0.3865565878340944,1.0,0.10866716570553608,0.007529613645856969,0.0,0.4892044391967674,0.6812777519226074
R-CPI2_sqrt,500,0.7465755910848101,1.0,0.011483939534159411,-0.019067312633020028,0.0,0.532569384586395,0.9568157196044922
R-CPI2_sqrt,700,0.46196722612905594,1.0,0.0238229191795693,-0.007125566539689104,0.0,0.5149475843506486,1.254180669784546
R-CPI2_sqrt,1000,0.7401424428359911,1.0,0.00017982063405009015,-8.036786445165361e-05,0.0,0.500203073729544,1.9959502220153809
R-CPI2_sqrt,2000,0.5973927650513537,1.0,1.866885511947428e-05,-0.010112141406726997,0.0,0.5350123377719606,7.089693784713745
R-CPI2_sqrt,3000,0.6431279866969628,1.0,3.2229775963375724e-08,-0.0038416737928857595,0.0,0.5167072790601296,23.801886558532715
R-CPI2_n,100,0.335363782383493,1.0,0.16193350644813076,0.024414144908874114,0.0,0.45193090903841027,0.5378701686859131
R-CPI2_n,300,0.3865565878340944,1.0,0.030654593665237945,0.007529613645856969,0.0,0.4824850529352183,0.6774070262908936
R-CPI2_n,500,0.7465755910848101,1.0,0.0005566774262011001,-0.019067312633020028,0.0,0.5565846988962191,0.9501492977142334
R-CPI2_n,700,0.46196722612905594,1.0,0.001192701838447354,-0.007125566539689104,0.0,0.5260697975505563,1.2537782192230225
R-CPI2_n,1000,0.7401424428359911,1.0,2.9430713917818533e-08,-8.036786445165361e-05,0.0,0.5003687423273412,1.9950125217437744
R-CPI2_n,2000,0.5973927650513537,1.0,1.1587345649662337e-10,-0.010112141406726997,0.0,0.5623485768915538,6.938836574554443
R-CPI2_n,3000,0.6431279866969628,1.0,6.767506674290408e-17,-0.0038416737928857595,0.0,0.5303088042082953,23.754225969314575
R-CPI2_bt,100,0.335363782383493,1.0,0.005315791449591277,0.024414144908874114,0.0,0.33598186306089795,0.5418047904968262
R-CPI2_bt,300,0.3865565878340944,1.0,2.8221743317861938e-14,0.007529613645856969,0.0,0.43189969502046044,0.6883354187011719
R-CPI2_bt,500,0.7465755910848101,1.0,6.549290540036404e-54,-0.019067312633020028,0.0,0.7508284541036572,0.9777977466583252
R-CPI2_bt,700,0.46196722612905594,1.0,2.3591824392458467e-64,-0.007125566539689104,0.0,0.6688079830632574,1.2864525318145752
R-CPI2_bt,1000,0.7401424428359911,1.0,2.597276291012328e-249,-8.036786445165361e-05,0.0,0.5026018755627547,2.071422576904297
R-CPI2_bt,2000,0.5973927650513537,1.0,0.0,-0.010112141406726997,0.0,0.9592473360560865,7.438302993774414
R-CPI2_bt,3000,0.6431279866969628,1.0,0.0,-0.0038416737928857595,0.0,0.855973086099908,23.91449809074402
R-CPI2_sqd,100,0.335363782383493,1.0,3.983052926832989e-09,0.024414144908874114,0.0,0.23157574958959276,0.5540511608123779
R-CPI2_sqd,300,0.3865565878340944,1.0,2.006106733971651e-25,0.007529613645856969,0.0,0.37386483159004447,0.6991848945617676
R-CPI2_sqd,500,0.7465755910848101,1.0,2.8403718119241464e-63,-0.019067312633020028,0.0,0.9260429004159604,0.9719479084014893
R-CPI2_sqd,700,0.46196722612905594,1.0,1.140076090211823e-135,-0.007125566539689104,0.0,0.7805276726107273,1.291515827178955
R-CPI2_sqd,1000,0.7401424428359911,1.0,0.0,-8.036786445165361e-05,0.0,0.5045257257644405,2.0763866901397705
R-CPI2_sqd,2000,0.5973927650513537,1.0,0.0,-0.010112141406726997,0.0,0.9902264157288795,7.357669830322266
R-CPI2_sqd,3000,0.6431279866969628,1.0,0.0,-0.0038416737928857595,0.0,0.9419674564138923,24.716341018676758
LOCO,100,0.3740524626174976,1.0,0.09581984356586248,0.14569412451135277,0.0,0.21703597386103346,0.4593014717102051
LOCO,300,0.38788285527356814,1.0,0.021434544490294746,0.014334765785101955,0.0,0.464707014898783,0.5846874713897705
LOCO,500,0.8226553113727422,1.0,0.00017821934396280298,-0.023637320655931937,0.0,0.5743453233974665,0.8384015560150146
LOCO,700,0.4943897150070391,1.0,0.0004902604251918683,-0.0068930514320113545,0.0,0.526465422386464,1.1635582447052002
LOCO,1000,0.7429617641117375,1.0,1.528772745375636e-08,-0.0015383245841256166,0.0,0.5073734276902601,1.897658348083496
LOCO,2000,0.5919395221603521,1.0,1.226360461617941e-10,-0.00996168063572811,0.0,0.5628127130364875,6.215763330459595
LOCO,3000,0.6532568311057001,1.0,1.7541066464043903e-17,0.002536684890475649,0.0,0.47973059368221893,22.659581661224365
LOCO_sqrt,100,0.3740524626174976,1.0,0.20574583190403178,0.14569412451135277,0.0,0.3408558449004715,0.4529573917388916
LOCO_sqrt,300,0.38788285527356814,1.0,0.10608495642195587,0.014334765785101955,0.0,0.4796699949459191,0.5753769874572754
LOCO_sqrt,500,0.8226553113727422,1.0,0.00755174187659598,-0.023637320655931937,0.0,0.5401880286038214,0.8333485126495361
LOCO_sqrt,700,0.4943897150070391,1.0,0.018559451445462845,-0.0068930514320113545,0.0,0.5143932490856983,1.1489241123199463
LOCO_sqrt,1000,0.7429617641117375,1.0,0.0001944840525046884,-0.0015383245841256166,0.0,0.5038716971945085,1.8909082412719727
LOCO_sqrt,2000,0.5919395221603521,1.0,2.6054260282271625e-05,-0.00996168063572811,0.0,0.5342777518003573,6.200599670410156
LOCO_sqrt,3000,0.6532568311057001,1.0,2.686126832298531e-08,0.002536684890475649,0.0,0.4890626021696926,22.6127827167511
LOCO_n,100,0.3740524626174976,1.0,0.11924154994238984,0.14569412451135277,0.0,0.2510855425716815,0.4518575668334961
LOCO_n,300,0.38788285527356814,1.0,0.028704548820145195,0.014334765785101955,0.0,0.46724688520347935,0.5679149627685547
LOCO_n,500,0.8226553113727422,1.0,0.0002923459530335904,-0.023637320655931937,0.0,0.5695313128102404,0.8278717994689941
LOCO_n,700,0.4943897150070391,1.0,0.0007649565774726229,-0.0068930514320113545,0.0,0.5250178549696447,1.1520981788635254
LOCO_n,1000,0.7429617641117375,1.0,4.062817140195763e-08,-0.0015383245841256166,0.0,0.5070075175993063,1.900028944015503
LOCO_n,2000,0.5919395221603521,1.0,3.0594363682620034e-10,-0.00996168063572811,0.0,0.5607517079953763,6.214540958404541
LOCO_n,3000,0.6532568311057001,1.0,6.3369398444377e-17,0.002536684890475649,0.0,0.48029102563549325,22.637311697006226
LOCO_bt,100,0.3740524626174976,1.0,0.00015854976046505412,0.14569412451135277,0.0,0.000996681979390655,0.4443550109863281
LOCO_bt,300,0.38788285527356814,1.0,2.9426632076977437e-24,0.014334765785101955,0.0,0.38125980820031413,0.5830960273742676
LOCO_bt,500,0.8226553113727422,1.0,1.1316862700106851e-38,-0.023637320655931937,0.0,0.8371260106818947,0.8579072952270508
LOCO_bt,700,0.4943897150070391,1.0,4.350000312199312e-66,-0.0068930514320113545,0.0,0.6759537922099765,1.2015533447265625
LOCO_bt,1000,0.7429617641117375,1.0,3.872943277467855e-211,-0.0015383245841256166,0.0,0.5528183659395266,1.9773247241973877
LOCO_bt,2000,0.5919395221603521,1.0,0.0,-0.00996168063572811,0.0,0.9338229885970626,6.523773431777954
LOCO_bt,3000,0.6532568311057001,1.0,0.0,0.002536684890475649,0.0,0.2565545568588088,23.323931455612183
LOCO_sqd,100,0.3740524626174976,1.0,0.0004516327995817161,0.14569412451135277,0.0,8.777999215534013e-06,0.44040417671203613
LOCO_sqd,300,0.38788285527356814,1.0,2.2555969414516046e-15,0.014334765785101955,0.0,0.27093691153964405,0.5816335678100586
LOCO_sqd,500,0.8226553113727422,1.0,7.46751158037006e-64,-0.023637320655931937,0.0,0.8960183551872367,0.8545722961425781
LOCO_sqd,700,0.4943897150070391,1.0,4.9466275375573614e-82,-0.0068930514320113545,0.0,0.7327309536000236,1.198457956314087
LOCO_sqd,1000,0.7429617641117375,1.0,0.0,-0.0015383245841256166,0.0,0.5868008748429796,1.9648561477661133
LOCO_sqd,2000,0.5919395221603521,1.0,0.0,-0.00996168063572811,0.0,0.9952541935475,6.525070667266846
LOCO_sqd,3000,0.6532568311057001,1.0,0.0,0.002536684890475649,0.0,0.1646309962186595,23.582674503326416
