method,intra_cor,imp_V0,imp_V1
0.5*CPI,0.0,5.2288285635342096,0.8653044776195515
0.5*CPI,0.05,5.033602045715545,1.3417730973280269
0.5*CPI,0.1,4.843748789722916,1.0851520283994724
0.5*CPI,0.2,3.246748989627891,1.2877718200521233
0.5*CPI,0.3,3.0854248806125173,0.5473546119779953
0.5*CPI,0.5,2.7361723531811397,0.43481847128776285
0.5*CPI,0.65,1.9283258798489482,0.6573989575599549
0.5*CPI,0.85,1.2374807225145505,0.30205098769378513
PFI,0.0,3.2336929164687267,1.3153889324257408
PFI,0.05,3.1675327865275813,1.6379342925039848
PFI,0.1,3.082159566928861,1.4554599880027186
PFI,0.2,2.5481258541694447,1.7207328064473848
PFI,0.3,2.542033986543431,1.0040882418834878
PFI,0.5,2.641841903730042,1.0726672553444847
PFI,0.65,2.9859803597997714,1.6706974034349473
PFI,0.85,2.697454682089583,1.3438309719410806
LOCO-W,0.0,2.537229239247542,0.40628394425469516
LOCO-W,0.05,2.929503858278662,0.7462646915678951
LOCO-W,0.1,2.5660728809679476,0.1705532601142223
LOCO-W,0.2,2.36292271162749,0.7104884042523247
LOCO-W,0.3,2.1628613226302655,0.1416194134418257
LOCO-W,0.5,2.957056232688938,0.45198902866205165
LOCO-W,0.65,2.006628006146791,0.11627446452802911
LOCO-W,0.85,0.6615043767941742,0.0403301935217071
LOCO-HD,0.0,5.403779999884554,1.0425915945797863
LOCO-HD,0.05,4.42584614504046,1.371618730527778
LOCO-HD,0.1,4.5361631091050185,0.8412520108395423
LOCO-HD,0.2,3.22434562157921,1.2091840287798592
LOCO-HD,0.3,3.218452770747552,0.5475563860988457
LOCO-HD,0.5,3.111703905967701,0.5990079755303443
LOCO-HD,0.65,1.8508502201640717,0.6363955329950659
LOCO-HD,0.85,1.2933043996455087,0.33199857521879417
Robust-CPI,0.0,5.079226027671042,0.9167430588029056
Robust-CPI,0.05,4.100623038733386,1.3400476751247232
Robust-CPI,0.1,4.5463986078284195,0.8350515226057794
Robust-CPI,0.2,3.4309800619570936,0.9759276542020182
Robust-CPI,0.3,2.7177192648496074,0.45628358207594105
Robust-CPI,0.5,2.6151666441162686,0.5967067342161073
Robust-CPI,0.65,1.9054322693494778,0.6393256577649385
Robust-CPI,0.85,1.2933377510083566,0.29805900062086227
0.5*CPI,0.0,3.3330304289037227,0.8208948933577773
0.5*CPI,0.05,4.152449323087208,1.530094534700104
0.5*CPI,0.1,1.8655533178860078,1.1369215017790941
0.5*CPI,0.2,5.922540266666522,1.7756030810198522
0.5*CPI,0.3,2.7080661815906164,0.827344577872613
0.5*CPI,0.5,2.3985360277886554,0.5055249764291461
0.5*CPI,0.65,1.406117034142385,0.46652196418372893
0.5*CPI,0.85,1.373889510978159,0.4072523987847809
PFI,0.0,2.5817792141649556,1.2812310866637908
PFI,0.05,2.8816484442489028,1.7491659519194782
PFI,0.1,1.9869608518389412,1.527662214738153
PFI,0.2,3.4415250953903485,1.8843212433379615
PFI,0.3,2.4337004186856293,1.3517771278519604
PFI,0.5,2.898736471936951,1.3244801956624328
PFI,0.65,2.5419930048712716,1.3963208672462117
PFI,0.85,2.436248019639357,1.345808069733594
LOCO-W,0.0,2.5953851271314887,0.5915512806841843
LOCO-W,0.05,2.4407009256397427,0.7739850695998423
LOCO-W,0.1,2.190821541436499,0.5433510320329832
LOCO-W,0.2,2.2963210422074596,0.1782932427858069
LOCO-W,0.3,1.8318931937750869,0.4332946854256967
LOCO-W,0.5,2.3366846548248787,0.2017481056912924
LOCO-W,0.65,1.213119924416167,0.19022949392485902
LOCO-W,0.85,0.32152660268318084,0.16986670351279712
LOCO-HD,0.0,3.2486385048037296,0.8556912063627545
LOCO-HD,0.05,4.580910801618794,1.276491701583801
LOCO-HD,0.1,2.8453781534181517,1.2235258336438373
LOCO-HD,0.2,4.175361804594876,1.4721666526134591
LOCO-HD,0.3,3.2904983815285926,0.7950206430730778
LOCO-HD,0.5,3.5329109279235733,0.6049646928655242
LOCO-HD,0.65,2.0443226787980793,0.5963096731425861
LOCO-HD,0.85,1.2549501145789796,0.37989945973763334
Robust-CPI,0.0,3.2188508018156488,0.8439610231415904
Robust-CPI,0.05,4.368223448802984,1.268077211668018
Robust-CPI,0.1,2.5911908315030745,1.1789373125053024
Robust-CPI,0.2,4.355159221875004,1.6126061708895643
Robust-CPI,0.3,3.438907704481942,0.8071629494561127
Robust-CPI,0.5,3.2535916907631592,0.6247663145731822
Robust-CPI,0.65,2.1818397996876784,0.597726851574235
Robust-CPI,0.85,1.195406399929113,0.3701930020481839
0.5*CPI,0.0,2.1057973272555106,1.1982331985156736
0.5*CPI,0.05,3.4776541946499924,0.5217080561055985
0.5*CPI,0.1,2.3341869576573173,1.2464593260725045
0.5*CPI,0.2,1.9693315003892937,1.5393207367669872
0.5*CPI,0.3,7.558126439074935,1.551049867904563
0.5*CPI,0.5,2.049543415684716,0.7972675276209785
0.5*CPI,0.65,3.252897424267593,0.5953222580998041
0.5*CPI,0.85,1.254284605457113,0.4047436095909425
PFI,0.0,2.206333745607839,1.6165822317761696
PFI,0.05,2.637170683902512,1.0213562381682495
PFI,0.1,2.160505431877731,1.5787613421368096
PFI,0.2,1.9844799753461853,1.7544792542029424
PFI,0.3,3.874503853793339,1.7473223662192212
PFI,0.5,2.363039841015804,1.4479786681379885
PFI,0.65,3.4043660340351694,1.452288293570102
PFI,0.85,2.2078046584478535,1.321863229758507
LOCO-W,0.0,2.048069861328415,0.42437132216517953
LOCO-W,0.05,2.4622249000508445,0.4638498513754745
LOCO-W,0.1,2.2216460840104246,0.6280418724689059
LOCO-W,0.2,2.5738325146175,0.6062071578312828
LOCO-W,0.3,1.028574746485829,0.28772734962887486
LOCO-W,0.5,2.1687621933036425,0.4353640435514078
LOCO-W,0.65,1.2298010085586393,0.16264804275201625
LOCO-W,0.85,0.7226388419784369,0.047152201204583015
LOCO-HD,0.0,3.958181597242818,1.281940780742046
LOCO-HD,0.05,5.088348586369066,0.4977512527892841
LOCO-HD,0.1,2.4772295288906427,0.948005304894584
LOCO-HD,0.2,2.5846703330437517,1.2401389663142914
LOCO-HD,0.3,6.202676814082198,1.366786345198147
LOCO-HD,0.5,2.1560910854947646,1.0883541641504144
LOCO-HD,0.65,3.193391893846101,0.5806598939260061
LOCO-HD,0.85,1.6376668284190012,0.3958456791875576
Robust-CPI,0.0,3.3920601559872057,1.1629540419543765
Robust-CPI,0.05,4.267413354169107,0.4644697481905996
Robust-CPI,0.1,2.663876527311034,0.9420847953866426
Robust-CPI,0.2,2.915140152182681,1.311460025019693
Robust-CPI,0.3,6.157071573988546,1.4169174835213867
Robust-CPI,0.5,2.0659026148218698,1.0676849628160001
Robust-CPI,0.65,3.0095394553994743,0.5535531391827221
Robust-CPI,0.85,1.427947799279706,0.39314885297351027
0.5*CPI,0.0,4.563842041237341,1.3103209621371315
0.5*CPI,0.05,3.8589689672403087,0.9544296818285698
0.5*CPI,0.1,7.066886534244627,0.8701733310790338
0.5*CPI,0.2,5.7625521098142425,0.6720396094723714
0.5*CPI,0.3,3.062873836664608,0.9413102524906158
0.5*CPI,0.5,3.79240849198358,1.207844512827332
0.5*CPI,0.65,1.9397492726635805,0.6339383934166183
0.5*CPI,0.85,1.0332563078818737,0.15210527999162354
PFI,0.0,3.0210343243828883,1.6186682799199636
PFI,0.05,2.778013315606769,1.3815103880254103
PFI,0.1,3.7593508826164093,1.319081813596368
PFI,0.2,3.394692828675651,1.2513806804065428
PFI,0.3,2.5586098773098604,1.485892424524358
PFI,0.5,2.9978763517412417,1.7323346887123714
PFI,0.65,2.573142390695882,1.4639797943328392
PFI,0.85,2.476727473180503,0.9781372055122334
LOCO-W,0.0,2.5678525926368656,0.6511562210723632
LOCO-W,0.05,3.0811789539897183,0.5101798320746376
LOCO-W,0.1,3.6591798736755683,0.3158386169429525
LOCO-W,0.2,2.6805084183620997,0.4850767337275185
LOCO-W,0.3,1.3697989289735104,0.4364899064526798
LOCO-W,0.5,1.9462949146397386,0.2339252494540107
LOCO-W,0.65,1.685873097391641,0.20681308958986613
LOCO-W,0.85,0.5477797975629349,0.017625242440847226
LOCO-HD,0.0,4.700238486256811,1.1991949675089475
LOCO-HD,0.05,3.65776882509244,1.0288543620257813
LOCO-HD,0.1,5.277036447699757,0.8493406075385588
LOCO-HD,0.2,4.195957316635103,0.9687764919641217
LOCO-HD,0.3,3.146095445492173,1.1695237266513256
LOCO-HD,0.5,4.275396343374555,1.349627985828244
LOCO-HD,0.65,1.8722158938909217,0.5056681170006951
LOCO-HD,0.85,0.994090284552832,0.1615769808705073
Robust-CPI,0.0,4.683554495189076,1.2345747377699512
Robust-CPI,0.05,3.779670170731132,0.8436581057784761
Robust-CPI,0.1,5.392569621596882,0.747323054180748
Robust-CPI,0.2,4.424621300248853,1.0028132696813024
Robust-CPI,0.3,3.05058283394678,1.1571005155027327
Robust-CPI,0.5,4.138364327650325,1.3162191057264736
Robust-CPI,0.65,1.9399203141480832,0.5437122627628594
Robust-CPI,0.85,1.0104577482117725,0.1542753729441214
0.5*CPI,0.0,4.234433437883021,0.8590680271988833
0.5*CPI,0.05,5.322129845174704,0.8155939363932773
0.5*CPI,0.1,5.0827067505625925,0.8012716875453876
0.5*CPI,0.2,4.879642743037633,0.7156554320039507
0.5*CPI,0.3,3.3085556349686702,0.5021949720107888
0.5*CPI,0.5,2.018153301884674,1.1163375412172507
0.5*CPI,0.65,2.730715963996543,0.6714291328281263
0.5*CPI,0.85,1.2962966058764376,0.2963470770805268
PFI,0.0,2.909964133427247,1.3106092663395694
PFI,0.05,3.2623972281321385,1.277022722988629
PFI,0.1,3.188131355561767,1.2657228263917715
PFI,0.2,3.12384057005035,1.1962291109005099
PFI,0.3,2.818079850074134,1.1466705621094335
PFI,0.5,2.1296837199078698,1.577877606270406
PFI,0.65,2.6608339472477693,1.3074797497867765
PFI,0.85,2.7119123524596316,1.3087493246993613
LOCO-W,0.0,1.8343607251209206,0.41022481992872556
LOCO-W,0.05,2.5940511623153184,0.28726557586795964
LOCO-W,0.1,2.5864613895994926,0.25749298603957976
LOCO-W,0.2,2.275309126663587,0.4560247844811185
LOCO-W,0.3,2.2781922713819003,0.41743210800668845
LOCO-W,0.5,2.316123651474504,0.3252003538296005
LOCO-W,0.65,1.3951339664424207,0.18015536625469894
LOCO-W,0.85,0.3044690818660382,0.042314646066158076
LOCO-HD,0.0,3.6803437415855194,0.8900593680374052
LOCO-HD,0.05,4.979922746973133,0.9593468219573319
LOCO-HD,0.1,3.945773032203115,0.9293808478766071
LOCO-HD,0.2,3.4667469509371864,0.7408668950324403
LOCO-HD,0.3,3.361262932507938,0.6425673181241249
LOCO-HD,0.5,2.4886020120356904,0.9674967033247597
LOCO-HD,0.65,2.964053929829933,0.6471622064733502
LOCO-HD,0.85,1.459704959030883,0.33675227342286657
Robust-CPI,0.0,3.6611211950977562,0.7638415111647485
Robust-CPI,0.05,5.052436889379683,0.8490002207867736
Robust-CPI,0.1,3.3822198478303864,0.8569567100264636
Robust-CPI,0.2,3.618628561275446,0.7513952831201498
Robust-CPI,0.3,3.2753466067473953,0.5238772857852375
Robust-CPI,0.5,2.346287737430551,0.958600385856453
Robust-CPI,0.65,2.847947156653009,0.604980170922233
Robust-CPI,0.85,1.4256143350846002,0.32844826170220515
0.5*CPI,0.0,2.564315899121462,1.0773594570186733
0.5*CPI,0.05,4.62824811604215,1.0184017858174605
0.5*CPI,0.1,2.5224950664472496,0.9251023153872422
0.5*CPI,0.2,3.718506831399572,0.5144440548730383
0.5*CPI,0.3,6.201246186439723,0.8337568533855545
0.5*CPI,0.5,2.5348878117714637,0.7198707336372956
0.5*CPI,0.65,1.8135259799599432,0.4800249629719842
0.5*CPI,0.85,0.773336220717178,0.25401992322587
PFI,0.0,2.2644871827230766,1.467734997519188
PFI,0.05,3.0423333723414903,1.4270505964445013
PFI,0.1,2.2459854242473702,1.3601021508710258
PFI,0.2,2.726958837679471,1.0142112002121109
PFI,0.3,3.6558674058931167,1.3536534369402873
PFI,0.5,2.782919950192644,1.4858420060320434
PFI,0.65,3.0619320095600218,1.6098024113010923
PFI,0.85,2.7069063565718285,1.506988348400449
LOCO-W,0.0,2.55210243532273,0.47204304057811597
LOCO-W,0.05,3.352859219222241,0.3201104112827109
LOCO-W,0.1,2.647969927909066,0.4736905006234716
LOCO-W,0.2,3.5943305184020153,0.5187942631940184
LOCO-W,0.3,3.3074200291372104,0.3016841761720015
LOCO-W,0.5,0.8704080460653767,0.4528718271089339
LOCO-W,0.65,0.9339053132443033,0.38573983386269284
LOCO-W,0.85,0.2629239391418352,0.09505874914518446
LOCO-HD,0.0,3.0932164086994534,1.341515335748959
LOCO-HD,0.05,4.226559202296697,1.0064422376273054
LOCO-HD,0.1,3.3664543484013345,1.0875193725391228
LOCO-HD,0.2,4.518481967174886,0.6476805636534281
LOCO-HD,0.3,4.224581811299789,0.8992624975933156
LOCO-HD,0.5,1.9555036066698965,0.6128446612186441
LOCO-HD,0.65,2.1890197458733596,0.4825072673080561
LOCO-HD,0.85,0.9556939727111782,0.25078729317852816
Robust-CPI,0.0,2.444823378746031,1.3575174506035952
Robust-CPI,0.05,4.3740840857777075,0.9477441262544194
Robust-CPI,0.1,3.0966500440004636,0.8817515536913212
Robust-CPI,0.2,4.838771340116981,0.6659152208068436
Robust-CPI,0.3,4.189498217983085,0.9464224393861718
Robust-CPI,0.5,2.04495979509993,0.6311698871480027
Robust-CPI,0.65,1.9401387949655358,0.4951580486156238
Robust-CPI,0.85,0.9318180439593511,0.25924262722024616
0.5*CPI,0.0,4.055620613365465,0.8867861545374358
0.5*CPI,0.05,3.2372316345704926,0.6054202853934
0.5*CPI,0.1,2.5523716502666356,1.396149071907041
0.5*CPI,0.2,2.656157370386508,0.8416510960040452
0.5*CPI,0.3,3.6010034943112785,1.083238563982613
0.5*CPI,0.5,1.2135248779859553,0.8281810911404787
0.5*CPI,0.65,1.9205765661441276,0.6176611381593435
0.5*CPI,0.85,1.3049300239608375,0.25924382632725984
PFI,0.0,2.8478669844675473,1.3315982465383631
PFI,0.05,2.5443349807791322,1.1002203355976976
PFI,0.1,2.2592306066526455,1.670879808274471
PFI,0.2,2.3047192029501335,1.2972946426040568
PFI,0.3,2.8225750644036327,1.5502805644062614
PFI,0.5,2.627723652862462,1.6676367125807599
PFI,0.65,2.530784267169757,1.417504183722242
PFI,0.85,2.703639390561619,1.1386398128622093
LOCO-W,0.0,2.5703050742316123,0.36292700158588437
LOCO-W,0.05,2.5498840403365666,0.6715433391745135
LOCO-W,0.1,2.65998838094806,0.5604095209202398
LOCO-W,0.2,2.112478369151068,0.3157552702513847
LOCO-W,0.3,2.811981540369812,0.6072893601661685
LOCO-W,0.5,1.6979797442765314,0.22054525530632224
LOCO-W,0.65,0.6681355754877987,0.1823197405278977
LOCO-W,0.85,0.8076758323005477,0.024025182879872035
LOCO-HD,0.0,3.676268678937178,0.8025549350356912
LOCO-HD,0.05,2.639814665853424,1.1628878279438897
LOCO-HD,0.1,2.8877967379938383,1.3577303041826596
LOCO-HD,0.2,2.919581740028821,1.0911073985348572
LOCO-HD,0.3,3.22304125241042,0.9639488997695344
LOCO-HD,0.5,1.9952901913754033,0.7694977022590405
LOCO-HD,0.65,1.7089329385807126,0.6253784229747001
LOCO-HD,0.85,1.2812709476584123,0.25254507889297384
Robust-CPI,0.0,3.599172886802383,0.7866369561865549
Robust-CPI,0.05,2.7932149577509646,1.1308479451180913
Robust-CPI,0.1,2.876580535552975,1.4207933967956468
Robust-CPI,0.2,2.9939497097599608,0.8111375247723618
Robust-CPI,0.3,2.863462302218387,0.9744765722171453
Robust-CPI,0.5,1.5817678813167413,0.7388627959831031
Robust-CPI,0.65,1.6629955648331598,0.6004140551573921
Robust-CPI,0.85,1.1966161060329965,0.25028607782849516
0.5*CPI,0.0,2.8454777350474374,1.3630806088994378
0.5*CPI,0.05,4.2356665437487875,0.8204541380497244
0.5*CPI,0.1,5.570637185299946,0.6868538037142717
0.5*CPI,0.2,5.094686903295687,0.8921384048982627
0.5*CPI,0.3,4.558470265767555,1.9496030879840454
0.5*CPI,0.5,1.9334355772560858,0.7855636151847363
0.5*CPI,0.65,3.890304822709602,0.6961526754632867
0.5*CPI,0.85,1.2937184241163202,0.21124256815263454
PFI,0.0,2.385463128323673,1.6509998597065698
PFI,0.05,2.910448883694814,1.2808728465130717
PFI,0.1,3.337726892616473,1.1719248737328982
PFI,0.2,3.1226669930605073,1.315316259727329
PFI,0.3,2.7467075663648606,1.957947748673541
PFI,0.5,2.78558687508563,1.598176791887516
PFI,0.65,3.7150951164002968,1.5208493394131737
PFI,0.85,3.037551065153283,1.2931093558501126
LOCO-W,0.0,1.929626940494619,0.4346981599346198
LOCO-W,0.05,3.4243041460664534,0.7251286006897064
LOCO-W,0.1,3.6127176106318246,0.1642068280793028
LOCO-W,0.2,2.0650764732731477,0.423840092329972
LOCO-W,0.3,2.763297592248069,0.7259414949517786
LOCO-W,0.5,1.371477322013285,0.17252637800431259
LOCO-W,0.65,1.2295376036685053,0.27265527068705386
LOCO-W,0.85,0.5196963515412746,0.10225132501882306
LOCO-HD,0.0,2.2237663763136704,0.9562045112591029
LOCO-HD,0.05,4.883937370987814,0.9353130527245281
LOCO-HD,0.1,5.85709761145758,0.733424345998511
LOCO-HD,0.2,5.457570711039174,1.0866857886313115
LOCO-HD,0.3,4.940211265714957,1.4448979472401986
LOCO-HD,0.5,2.6835223368076764,0.8135134277865844
LOCO-HD,0.65,3.0727965576607246,0.6007625379128952
LOCO-HD,0.85,1.1186396634794966,0.21181853993257163
Robust-CPI,0.0,2.10968574064216,0.8874059048083971
Robust-CPI,0.05,4.621480194807331,0.9087443968023065
Robust-CPI,0.1,5.416318838660762,0.7098561185578283
Robust-CPI,0.2,5.500906548584818,0.8470624144595772
Robust-CPI,0.3,4.193607316997998,1.3380113598451944
Robust-CPI,0.5,2.1962236280882217,0.5645626198498851
Robust-CPI,0.65,3.1425425956324196,0.5791508834397256
Robust-CPI,0.85,1.1099305795707004,0.20167177494031133
0.5*CPI,0.0,4.010376784945712,1.320695234963688
0.5*CPI,0.05,2.29605773140695,0.7211251530004477
0.5*CPI,0.1,2.455412122737382,0.7679930026838961
0.5*CPI,0.2,2.9260333880959406,0.8854794956158925
0.5*CPI,0.3,4.2211911231033055,0.6558269203862146
0.5*CPI,0.5,2.4417152111191744,0.665970472045941
0.5*CPI,0.65,1.399758850422464,0.4640064157930026
0.5*CPI,0.85,1.1952767132296949,0.22776459329907434
PFI,0.0,2.831910665675706,1.6250526862344887
PFI,0.05,2.142788294454991,1.2008033807799192
PFI,0.1,2.275822364044279,1.268994289713021
PFI,0.2,2.418956621145623,1.3306259164261012
PFI,0.3,2.828786880563707,1.0708441342193251
PFI,0.5,2.4311986649229804,1.2753515401259585
PFI,0.65,2.3280411074324583,1.2885861749927465
PFI,0.85,3.0131554799902536,1.3827957543777616
LOCO-W,0.0,2.5078535493433884,0.5608264789985421
LOCO-W,0.05,1.8131638187045434,0.6282509970026126
LOCO-W,0.1,2.309614254524777,0.2419083652364958
LOCO-W,0.2,2.3550352429364048,0.3958057431096332
LOCO-W,0.3,2.9434690839373494,0.3888772904107367
LOCO-W,0.5,1.6026504762372662,0.6050925381994646
LOCO-W,0.65,0.3858424501763385,0.1596142712327291
LOCO-W,0.85,0.7510492654982379,0.029215495975866285
LOCO-HD,0.0,4.013071652414034,1.4695559251067352
LOCO-HD,0.05,2.5902671017848435,0.7968913114580863
LOCO-HD,0.1,3.496655626951007,0.6540753709858675
LOCO-HD,0.2,3.383518096265477,0.7827659133048023
LOCO-HD,0.3,3.1916437863287617,0.6528266513115819
LOCO-HD,0.5,3.0935531277165116,0.7399365337589388
LOCO-HD,0.65,1.3970035571381307,0.43282997096460385
LOCO-HD,0.85,0.9841700027428707,0.21145038154267237
Robust-CPI,0.0,3.7736636973994253,1.5697065725664998
Robust-CPI,0.05,2.610161251993797,0.7554507939273922
Robust-CPI,0.1,3.516938014734344,0.6355855818570668
Robust-CPI,0.2,3.3118335069634712,0.8155556174505383
Robust-CPI,0.3,3.0292457104975163,0.615756021510653
Robust-CPI,0.5,3.238128128748342,0.744155630807036
Robust-CPI,0.65,1.339060961650463,0.3755849270312116
Robust-CPI,0.85,1.009311193237642,0.20633295056510215
0.5*CPI,0.0,2.63185091146589,0.6195830882709349
0.5*CPI,0.05,3.8513563942910767,1.2275560941984136
0.5*CPI,0.1,3.6823520969797374,0.8691745866801563
0.5*CPI,0.2,3.4212739377877877,0.6468812947593979
0.5*CPI,0.3,3.7023106224262916,1.1539560931338302
0.5*CPI,0.5,3.336854394852816,0.9137274033907733
0.5*CPI,0.65,1.379226639374221,0.34629087054389723
0.5*CPI,0.85,1.5209603770313955,0.41774439387831686
PFI,0.0,2.294191443542134,1.1130939749660793
PFI,0.05,2.775199950926773,1.566703564558232
PFI,0.1,2.7136457280853623,1.3183115865649213
PFI,0.2,2.6156922932605333,1.1373027254538848
PFI,0.3,3.12199243950767,1.7179343348016047
PFI,0.5,3.2790232414750227,1.6904766230560764
PFI,0.65,2.8692597014314325,1.4020905905688605
PFI,0.85,2.495027018236397,1.2875517234041234
LOCO-W,0.0,2.6691663675486805,0.36199978057050197
LOCO-W,0.05,1.8925401748138557,1.4537404702144474
LOCO-W,0.1,1.0906611044832986,0.26790041178815205
LOCO-W,0.2,2.6925954831141774,0.506875949351068
LOCO-W,0.3,2.5274938050559648,0.5769761662621639
LOCO-W,0.5,2.965818748917399,0.5765200395198804
LOCO-W,0.65,1.195132896981176,0.16429142494845816
LOCO-W,0.85,0.6717272337920113,0.23842180852929523
LOCO-HD,0.0,4.015639431344154,0.7293467163895354
LOCO-HD,0.05,4.204205977926161,1.3952017208362348
LOCO-HD,0.1,3.940841946714963,1.0417239818729913
LOCO-HD,0.2,2.6074977431354918,1.0029788516337355
LOCO-HD,0.3,4.089152292203894,0.931770516776405
LOCO-HD,0.5,3.5887658644069638,1.1034276333770876
LOCO-HD,0.65,1.9640552989237117,0.28796296452177456
LOCO-HD,0.85,1.4249085533850254,0.32982107586001974
Robust-CPI,0.0,4.265533335249109,0.6491302500930721
Robust-CPI,0.05,4.013046385950417,1.4595442810555606
Robust-CPI,0.1,4.002019037587411,1.065257875193229
Robust-CPI,0.2,2.707059474437859,0.9838885965364406
Robust-CPI,0.3,3.4483651738948113,0.9231885571182822
Robust-CPI,0.5,3.600069339296123,1.1250400364805324
Robust-CPI,0.65,1.453234302936858,0.2753695250994429
Robust-CPI,0.85,1.3118432076533075,0.3305488459201536
0.5*CPI,0.0,4.59996648904883,0.5782612801119386
0.5*CPI,0.05,3.220163753301982,1.218718075212683
0.5*CPI,0.1,2.460050134690124,0.9342224659471495
0.5*CPI,0.2,5.533068329610553,1.0168074285956927
0.5*CPI,0.3,3.201294492321703,1.071872061346588
0.5*CPI,0.5,3.2068810176333895,0.7150091993954161
0.5*CPI,0.65,2.3655403849416947,0.6580005651550496
0.5*CPI,0.85,0.46185331361622145,0.12268943514872307
PFI,0.0,3.0329853298659186,1.0752635964396802
PFI,0.05,2.537641818739959,1.5610908372208625
PFI,0.1,2.2179645517353634,1.3667453775920477
PFI,0.2,3.2299553499842855,1.3029893218229187
PFI,0.3,2.779028700380326,1.5658117666797684
PFI,0.5,2.6629124371767845,1.2439092615200393
PFI,0.65,2.2595104869390927,1.221059614100687
PFI,0.85,2.8582628127824186,1.4278747753216017
LOCO-W,0.0,2.65001698537744,0.6151967311047454
LOCO-W,0.05,2.066003224881966,1.3004809880041839
LOCO-W,0.1,2.4792626468123777,0.5623523677720009
LOCO-W,0.2,2.3557019344924517,0.4830996638238583
LOCO-W,0.3,2.121018814354507,0.49353104284977944
LOCO-W,0.5,1.0081751850740044,0.308109631478626
LOCO-W,0.65,1.4854593172081934,0.462756039888379
LOCO-W,0.85,0.6630798872756913,0.11970459649642369
LOCO-HD,0.0,4.443559209564451,0.7029680802473112
LOCO-HD,0.05,3.045931635873979,1.199572717629998
LOCO-HD,0.1,2.5793720287783484,1.5490284177482851
LOCO-HD,0.2,4.47541452854632,0.7941119718614977
LOCO-HD,0.3,4.3612735641504,0.8095326339123885
LOCO-HD,0.5,2.6188917254863715,0.752379769723176
LOCO-HD,0.65,3.2674085940544195,0.6523045198683307
LOCO-HD,0.85,0.9551768071004659,0.2713652138344468
Robust-CPI,0.0,3.962166319258478,0.6899496855999623
Robust-CPI,0.05,3.0736714624386066,1.1285450633692689
Robust-CPI,0.1,2.778960347103737,1.3027674033014107
Robust-CPI,0.2,4.643029065976412,0.833148246793551
Robust-CPI,0.3,3.8020582573297226,0.8179257755852715
Robust-CPI,0.5,2.546856420596544,0.5666336174595116
Robust-CPI,0.65,3.3197333562951328,0.6577096712377333
Robust-CPI,0.85,0.6993590829702427,0.1904985091250574
0.5*CPI,0.0,5.910531607323267,0.7361303821390203
0.5*CPI,0.05,5.545633945323506,0.917825013842935
0.5*CPI,0.1,4.728385499863212,1.248142272384018
0.5*CPI,0.2,6.285794821636296,1.2701700637966893
0.5*CPI,0.3,2.9066661486770125,0.5618924028198022
0.5*CPI,0.5,3.1942311610337906,1.01758105801637
0.5*CPI,0.65,2.7139139618986294,0.6725741540492108
0.5*CPI,0.85,1.3515980190064991,0.2738661565617976
PFI,0.0,3.4380361697015296,1.2132263956498506
PFI,0.05,3.3302663157562016,1.3547724241072185
PFI,0.1,3.07506253734879,1.5798396670456247
PFI,0.2,3.6316778929076783,1.5936642153307976
PFI,0.3,2.410972305072588,1.0599741828341351
PFI,0.5,2.7617266791069994,1.5778609682263418
PFI,0.65,3.066314053347272,1.5187564212265303
PFI,0.85,2.466894664878204,0.9315929127110147
LOCO-W,0.0,2.3819323260168828,0.6504718908680972
LOCO-W,0.05,2.211678201986542,0.2072124064573408
LOCO-W,0.1,2.5009781269904487,0.2837066144470514
LOCO-W,0.2,2.5282297901161033,0.44298991327415893
LOCO-W,0.3,2.387890073323,0.5784229376131567
LOCO-W,0.5,2.6363510975104862,0.34542052669147477
LOCO-W,0.65,0.5382103059484189,0.1273580213915958
LOCO-W,0.85,0.568208381222343,0.13465878526813482
LOCO-HD,0.0,5.590287580392665,0.9030044577186751
LOCO-HD,0.05,5.414233294975857,0.8552699668150163
LOCO-HD,0.1,4.5322285167442455,0.8951697943542942
LOCO-HD,0.2,4.850663194074815,1.3553312075749655
LOCO-HD,0.3,3.4301501889860457,0.7402992373319982
LOCO-HD,0.5,3.0067031597220875,0.9838193523490028
LOCO-HD,0.65,3.0411783920131255,0.5429192096358207
LOCO-HD,0.85,1.0412337211623466,0.22413956540540983
Robust-CPI,0.0,5.564025400052861,0.8779957243973076
Robust-CPI,0.05,5.295486682398064,0.8631777762417523
Robust-CPI,0.1,4.1724869601596115,0.9713625606352196
Robust-CPI,0.2,4.759621699342005,1.462210684440134
Robust-CPI,0.3,3.367537237357442,0.6560392897365491
Robust-CPI,0.5,2.892301954991831,0.9747770890497572
Robust-CPI,0.65,2.645948390532487,0.5222478876468302
Robust-CPI,0.85,1.0081757409629282,0.22287378628133642
0.5*CPI,0.0,4.064341856119568,0.9800194469386647
0.5*CPI,0.05,2.6914779196658594,0.8760740088236665
0.5*CPI,0.1,3.5989695350457147,0.7797383049789913
0.5*CPI,0.2,6.106544315251326,1.550486366080354
0.5*CPI,0.3,3.235682226335885,0.5661736049914614
0.5*CPI,0.5,3.7519386182866787,0.4555503880143672
0.5*CPI,0.65,1.923342578444834,0.5722959416035077
0.5*CPI,0.85,1.4708082591575586,0.3986291800372335
PFI,0.0,2.8509980008809426,1.3460314114742866
PFI,0.05,2.369987925256432,1.3430680843330975
PFI,0.1,2.697315773993551,1.2559002082138824
PFI,0.2,3.8327825735260004,1.90987460626937
PFI,0.3,2.5258130923659357,0.9623458886540281
PFI,0.5,3.1210469396752796,1.118005092070242
PFI,0.65,2.8627459633045422,1.5558289750099368
PFI,0.85,2.596353735008782,1.3448961054356856
LOCO-W,0.0,2.0668849828991274,0.8009835789662688
LOCO-W,0.05,3.2354404729786026,0.3935142906073169
LOCO-W,0.1,2.225474882694122,0.3400752031590292
LOCO-W,0.2,3.8269981682646375,0.2665620288122315
LOCO-W,0.3,2.988797601255355,0.5825112977034664
LOCO-W,0.5,2.1762655548051675,0.13233498305949823
LOCO-W,0.65,0.79318219051462,0.1493650814388491
LOCO-W,0.85,0.7347070394003797,0.0582535770489955
LOCO-HD,0.0,3.5870638705403293,0.9325886386684199
LOCO-HD,0.05,3.648429459509737,0.7812987707716345
LOCO-HD,0.1,4.35069738627351,0.9185081852157989
LOCO-HD,0.2,5.99256473246571,1.73084542144017
LOCO-HD,0.3,3.5023979506294802,0.5884532847663019
LOCO-HD,0.5,3.2795777886297484,0.6578549242765038
LOCO-HD,0.65,1.6009951699219316,0.5603676051856654
LOCO-HD,0.85,1.1924171833000519,0.3020249841333829
Robust-CPI,0.0,3.2295481010379463,0.8455263855694045
Robust-CPI,0.05,3.4108656736205423,0.754720462436394
Robust-CPI,0.1,3.864795962814198,0.8334791344438612
Robust-CPI,0.2,5.874799448054562,1.579696375529324
Robust-CPI,0.3,2.964365506588331,0.5399525709908093
Robust-CPI,0.5,3.0005664147417064,0.5822519117867987
Robust-CPI,0.65,1.5781114962166867,0.5306409158537625
Robust-CPI,0.85,1.229041278741877,0.3071426680395875
0.5*CPI,0.0,3.823283111854234,0.921855850172682
0.5*CPI,0.05,5.355655555693534,0.8936318744470735
0.5*CPI,0.1,4.718784245516349,1.3504454120842107
0.5*CPI,0.2,4.0683124744822665,1.1819334269904394
0.5*CPI,0.3,1.9458070906857525,1.2521540902966726
0.5*CPI,0.5,2.9224435653624474,0.5580008822002525
0.5*CPI,0.65,2.8977285707095257,1.0098931125908035
0.5*CPI,0.85,0.6779647203280835,0.24152276976550976
PFI,0.0,2.765108173839015,1.3576991101763867
PFI,0.05,3.272666904439867,1.3367388052114946
PFI,0.1,2.8608010942994406,1.540188190937747
PFI,0.2,3.1774947976171743,1.7165724218541085
PFI,0.3,1.488882012094087,1.4729697585766115
PFI,0.5,3.2363615719114818,1.53007266814304
PFI,0.65,2.056796559221298,1.546738702155712
PFI,0.85,2.6147849284391307,1.4924531945319002
LOCO-W,0.0,2.726110808194221,0.7046151911344593
LOCO-W,0.05,3.1437858239980323,0.1902457600681726
LOCO-W,0.1,2.422549744715114,0.43260111351403785
LOCO-W,0.2,2.8297617075591845,0.43212543122083197
LOCO-W,0.3,1.4413745776637756,0.3506529652790322
LOCO-W,0.5,1.142063445967139,0.37679218502709916
LOCO-W,0.65,1.103643952999375,0.1599802399592189
LOCO-W,0.85,0.522424330556619,0.1255673723531315
LOCO-HD,0.0,4.353801566669262,1.561326675818455
LOCO-HD,0.05,4.333136150252293,0.7899865224344224
LOCO-HD,0.1,4.6539896394983735,1.1706167973245716
LOCO-HD,0.2,3.3801268984829584,1.1900391652914473
LOCO-HD,0.3,2.110311572331871,1.138812543730726
LOCO-HD,0.5,2.748184585470648,0.7599164505874202
LOCO-HD,0.65,2.6472649933684447,0.7440922858341802
LOCO-HD,0.85,0.7839666211963013,0.26672447699315593
Robust-CPI,0.0,4.1881464438074385,1.2537884618570934
Robust-CPI,0.05,4.315069350214488,0.7393632367948479
Robust-CPI,0.1,4.49018968083808,1.2259713725164454
Robust-CPI,0.2,3.327221697948207,1.2324005149683182
Robust-CPI,0.3,2.0362443419714045,1.1290079339931947
Robust-CPI,0.5,2.8394138330396363,0.8038834908960619
Robust-CPI,0.65,2.528907684398412,0.7304582077579604
Robust-CPI,0.85,0.7261083254802984,0.24231529929675324
0.5*CPI,0.0,2.6446528449359734,0.9658475396641077
0.5*CPI,0.05,2.9121513879445775,1.3172469481129758
0.5*CPI,0.1,4.632367014582557,1.2124369525652363
0.5*CPI,0.2,5.201858837163857,0.7309228674139094
0.5*CPI,0.3,2.8888331538078393,0.8156186043505359
0.5*CPI,0.5,3.7313611610056205,0.9154820758839701
0.5*CPI,0.65,1.535815271494243,0.7441251980940259
0.5*CPI,0.85,1.3580687844458061,0.2334203765480828
PFI,0.0,2.299723352597502,1.3897286342340875
PFI,0.05,2.4132074298534847,1.6229606118097366
PFI,0.1,3.04361808964983,1.5570161972721828
PFI,0.2,3.3458583890962403,1.2595407324102905
PFI,0.3,2.4041089502812083,1.4141328289943182
PFI,0.5,2.828729776459338,1.4388857147489096
PFI,0.65,2.4277301560282813,1.6062327446972486
PFI,0.85,2.904089275489347,1.141713225885201
LOCO-W,0.0,1.3472555584787367,0.28063268036547107
LOCO-W,0.05,1.897846788966331,0.46146866784847906
LOCO-W,0.1,2.3257355473540837,0.9322279752998283
LOCO-W,0.2,3.605853383974438,0.4648168475334075
LOCO-W,0.3,3.248495604883291,0.6252860635609256
LOCO-W,0.5,1.6124029387468546,0.1735717987796627
LOCO-W,0.65,2.257978384502691,0.4116611001721754
LOCO-W,0.85,0.6766276677936767,0.17702653552222933
LOCO-HD,0.0,2.267385768829553,1.0605155871711387
LOCO-HD,0.05,3.071455754871277,1.3635812560520257
LOCO-HD,0.1,3.6683479253948144,1.2282141705593883
LOCO-HD,0.2,6.194093667235928,0.6943176636628521
LOCO-HD,0.3,2.900461065403053,0.8632984017701048
LOCO-HD,0.5,2.87347858282509,0.674951337637744
LOCO-HD,0.65,1.8372718291821857,0.6151913457197192
LOCO-HD,0.85,1.052891311790346,0.19938648097547318
Robust-CPI,0.0,2.2407358708152545,0.9566750068706181
Robust-CPI,0.05,2.7315189000242777,1.2718517446549316
Robust-CPI,0.1,3.6447518310914817,1.1969423650218407
Robust-CPI,0.2,6.5930063821582605,0.7128789937176594
Robust-CPI,0.3,2.8946688706436725,0.8759629459034524
Robust-CPI,0.5,2.8981761313093455,0.6482293024144058
Robust-CPI,0.65,1.8140393270894608,0.5837791111317258
Robust-CPI,0.85,1.0409347652863696,0.19592820743540512
0.5*CPI,0.0,2.3874848027459463,1.3615535724243095
0.5*CPI,0.05,6.887466965878249,0.8414770941074776
0.5*CPI,0.1,2.0267468969160505,2.007240193596518
0.5*CPI,0.2,4.041317345382368,1.0003501911256492
0.5*CPI,0.3,6.047347231947743,0.4062613525714321
0.5*CPI,0.5,3.0881503335273632,0.9569523174346564
0.5*CPI,0.65,2.05820692383871,0.610506057746342
0.5*CPI,0.85,0.8533627259764631,0.24468881383158858
PFI,0.0,2.1849807800091314,1.6499943720776327
PFI,0.05,3.7112964500081573,1.2971238872670559
PFI,0.1,2.013228751995312,2.003516545767324
PFI,0.2,2.842890204675141,1.4143538865114758
PFI,0.3,3.73695935676093,1.0829070112140051
PFI,0.5,3.2819399735381545,1.7653559629533269
PFI,0.65,2.0053669424604754,1.0888579843633799
PFI,0.85,2.5277292040369845,1.3303455848551855
LOCO-W,0.0,3.423100495022304,0.3845431083191874
LOCO-W,0.05,2.933633483903237,0.5504576988530809
LOCO-W,0.1,2.76636350857441,0.48220417852858116
LOCO-W,0.2,2.2436281728115346,0.4956588021819868
LOCO-W,0.3,3.2878581512808736,0.3151448670885485
LOCO-W,0.5,1.3186255406552674,0.6947494615497862
LOCO-W,0.65,0.8071952234604169,0.5078252917180104
LOCO-W,0.85,0.5190458739838197,0.049097418363439255
LOCO-HD,0.0,4.728840608638049,1.2035959901729725
LOCO-HD,0.05,4.9909502140476025,0.7674000637186242
LOCO-HD,0.1,3.2075938827204955,1.4888217833500625
LOCO-HD,0.2,4.959815523045043,0.8950252016117065
LOCO-HD,0.3,6.938790146355572,0.688126101538406
LOCO-HD,0.5,3.046006806501264,0.9200625817044513
LOCO-HD,0.65,1.5944746292031429,0.5167476443114771
LOCO-HD,0.85,0.8273346641030338,0.20368497527342833
Robust-CPI,0.0,3.8307489501838172,1.1005274819025483
Robust-CPI,0.05,4.864120983644775,0.7157577908328917
Robust-CPI,0.1,2.901235438910381,1.4883663428628406
Robust-CPI,0.2,4.5280264501771335,0.8643678088809874
Robust-CPI,0.3,6.542977773334867,0.657114240910069
Robust-CPI,0.5,3.0567328133147695,0.8898270138923409
Robust-CPI,0.65,1.6143753688887987,0.5413531131632998
Robust-CPI,0.85,0.7822442241142321,0.19736413053503107
0.5*CPI,0.0,8.085831738211018,0.619413098386284
0.5*CPI,0.05,3.498700566730857,1.092895532717924
0.5*CPI,0.1,3.368960257506594,0.9579864161905273
0.5*CPI,0.2,4.665083048018271,1.8302928058614811
0.5*CPI,0.3,2.861113256476225,0.9363245028599334
0.5*CPI,0.5,4.433303435413135,1.2939432676186027
0.5*CPI,0.65,1.5026384812854123,0.4233892840392439
0.5*CPI,0.85,1.696763758902521,0.2509273975895656
PFI,0.0,4.021248874435311,1.112873890609839
PFI,0.05,2.6451053145754577,1.4782872998614467
PFI,0.1,2.595569868293539,1.3840061056912702
PFI,0.2,3.252702067493676,2.0221927102889174
PFI,0.3,2.320199927524328,1.3751126023132991
PFI,0.5,3.0102841906445597,1.6446789864538538
PFI,0.65,2.549294474917257,1.3258820122939126
PFI,0.85,3.5433154841447148,1.361189333723922
LOCO-W,0.0,2.4623368500610487,0.6745870221882193
LOCO-W,0.05,3.2776663351248114,0.2516092328622168
LOCO-W,0.1,2.5702101797081713,0.4600219369208349
LOCO-W,0.2,1.666863108335831,0.3852138101537067
LOCO-W,0.3,2.716624817701836,0.5111046742703036
LOCO-W,0.5,1.9562444731012139,0.34905426658781674
LOCO-W,0.65,1.1664896962731945,0.18762704731840257
LOCO-W,0.85,0.06526664967148159,0.04206443817130076
LOCO-HD,0.0,5.558970693142513,0.7243551904747344
LOCO-HD,0.05,3.892600341476655,0.9941923053317847
LOCO-HD,0.1,4.862385750127625,1.0159084743334001
LOCO-HD,0.2,3.5616144432980055,1.8175352912395604
LOCO-HD,0.3,3.3791260716065565,1.0800496037269716
LOCO-HD,0.5,4.034907999872316,1.0065716273752763
LOCO-HD,0.65,1.9039608216427173,0.46511633995720647
LOCO-HD,0.85,1.3317738415545133,0.24699738866829613
Robust-CPI,0.0,6.105094469816508,0.8092206700457591
Robust-CPI,0.05,3.9539406700999895,1.0191465512479556
Robust-CPI,0.1,4.333988263296549,0.8948690223203248
Robust-CPI,0.2,3.643181089277148,1.8705257521111947
Robust-CPI,0.3,3.272303045714817,1.0717672819180304
Robust-CPI,0.5,3.9910505862587256,1.0095645447543269
Robust-CPI,0.65,1.9755806810264487,0.4349247867704457
Robust-CPI,0.85,1.3332799523752434,0.25192130101019156
0.5*CPI,0.0,4.813934195086108,1.119588068644461
0.5*CPI,0.05,3.790718963175453,0.7830599047346478
0.5*CPI,0.1,2.7358462336399896,1.0495862337150499
0.5*CPI,0.2,5.497626117446782,1.2174510553927638
0.5*CPI,0.3,5.159099994968495,0.6253516728240528
0.5*CPI,0.5,2.181515242956549,0.7382847007131862
0.5*CPI,0.65,2.6207868837949304,0.537540417523498
0.5*CPI,0.85,1.2006248754703768,0.20233588344056555
PFI,0.0,3.102705698438841,1.496212739923016
PFI,0.05,2.591082225740804,1.1263657032443528
PFI,0.1,2.43112067661197,1.4486838035810201
PFI,0.2,3.0077494267815434,1.4098410867463023
PFI,0.3,3.1867039530542236,1.0534234462892365
PFI,0.5,1.6918714283089114,1.1019158749332267
PFI,0.65,3.481897819067236,1.625676481706676
PFI,0.85,3.1823205692513272,1.2532733067538737
LOCO-W,0.0,3.1598587417130806,0.3726079079493176
LOCO-W,0.05,2.7182196213358027,0.276552260810394
LOCO-W,0.1,2.4581764433054185,1.441864469948975
LOCO-W,0.2,3.0108905136562556,0.18317837542019968
LOCO-W,0.3,1.8415716672761242,0.5125273003256663
LOCO-W,0.5,2.646776014045591,0.23629019166731768
LOCO-W,0.65,1.616246119667224,0.1258537132862478
LOCO-W,0.85,0.4063868789783333,0.14227015601984738
LOCO-HD,0.0,4.8899021614263,0.9179468875293336
LOCO-HD,0.05,3.7755316369953507,0.8231131277555788
LOCO-HD,0.1,3.8314617129455866,0.9331463169687423
LOCO-HD,0.2,5.422663530372676,1.337578708471065
LOCO-HD,0.3,3.9244256866230582,0.6602583430878338
LOCO-HD,0.5,2.410621306410986,0.6208627671857917
LOCO-HD,0.65,3.655377186173241,0.7566306411999589
LOCO-HD,0.85,1.4740634800973689,0.2972663896933701
Robust-CPI,0.0,4.7393141782285015,0.9492505060477171
Robust-CPI,0.05,3.4766397376847658,0.8039703688665697
Robust-CPI,0.1,3.0204520790822516,1.0260907461090532
Robust-CPI,0.2,5.196971360252098,1.1137980916511847
Robust-CPI,0.3,4.045100134955581,0.5465946354172496
Robust-CPI,0.5,2.268123228469015,0.6195980399222751
Robust-CPI,0.65,3.2878982753589194,0.7345274763168981
Robust-CPI,0.85,1.5187066416595245,0.2919700810379114
0.5*CPI,0.0,3.3559858208518403,0.835078950503136
0.5*CPI,0.05,2.4414760331949017,1.1168866860863131
0.5*CPI,0.1,2.3834759026194274,1.0284802662930335
0.5*CPI,0.2,3.05201464073694,1.5361985134204084
0.5*CPI,0.3,1.610426906281624,0.5527271879320528
0.5*CPI,0.5,2.7949416963660476,0.8641992278898437
0.5*CPI,0.65,3.3027454384889534,0.7012179821313822
0.5*CPI,0.85,0.8496162376242646,0.19971795912290252
PFI,0.0,2.577897986028469,1.2681086899307208
PFI,0.05,2.2095703238826094,1.4944113925123845
PFI,0.1,2.183158212120387,1.4340339667801838
PFI,0.2,2.62600565574772,1.8270122752846978
PFI,0.3,1.7239232859037044,1.0235359210981487
PFI,0.5,3.3714629832575844,1.7228150778143596
PFI,0.65,3.4996228404717193,1.6289975593716934
PFI,0.85,2.8795288084089177,1.3945324330504159
LOCO-W,0.0,2.1162424453832114,0.3262392619900529
LOCO-W,0.05,2.5786473974386204,0.4912071375425091
LOCO-W,0.1,1.9358589445367047,0.2818826601463032
LOCO-W,0.2,2.540463063428077,0.6420553974445281
LOCO-W,0.3,2.167617597454409,0.36120211554956744
LOCO-W,0.5,2.896187320561441,0.3879605124407037
LOCO-W,0.65,2.1192060192404245,0.2982353302555576
LOCO-W,0.85,0.3720764008494693,0.09883018241348505
LOCO-HD,0.0,3.7252268989954347,1.0447729743270178
LOCO-HD,0.05,2.9336952218560457,1.34156034456418
LOCO-HD,0.1,2.599229500213045,0.9458171275470175
LOCO-HD,0.2,3.3539522245048863,1.6858993641350901
LOCO-HD,0.3,1.886205717284513,0.655546985657228
LOCO-HD,0.5,2.4708514470591068,0.9636746667621596
LOCO-HD,0.65,3.1245875818715803,0.5482248556652427
LOCO-HD,0.85,0.9287648155545053,0.2292218562562273
Robust-CPI,0.0,3.406601788217499,0.9336316286907242
Robust-CPI,0.05,2.906488209750089,1.3069060455780839
Robust-CPI,0.1,2.304277766337726,0.8822118800462113
Robust-CPI,0.2,3.2790546104238274,1.5212002886664069
Robust-CPI,0.3,1.971825471640799,0.5802816141273446
Robust-CPI,0.5,2.5109569811722405,1.00709745048695
Robust-CPI,0.65,2.886634310682997,0.5543175748228627
Robust-CPI,0.85,0.931144091218446,0.21670906249986774
0.5*CPI,0.0,5.197391679315718,0.7447292716589196
0.5*CPI,0.05,2.375306742111568,0.6286644548998781
0.5*CPI,0.1,3.055025897715126,0.8757430229007684
0.5*CPI,0.2,3.7554895645399737,0.8612786022630646
0.5*CPI,0.3,6.532169372072464,0.890487148259922
0.5*CPI,0.5,2.95905369671213,0.9421573465227231
0.5*CPI,0.65,2.3988355813680204,0.6734536587817253
0.5*CPI,0.85,0.8591607290281306,0.18743841970668815
PFI,0.0,3.223976634895033,1.220316198575263
PFI,0.05,2.179462007349167,1.1211785874039155
PFI,0.1,2.471731433402029,1.3233167488781294
PFI,0.2,2.609862670840356,1.3123153995191557
PFI,0.3,3.6899028227512507,1.329534293735061
PFI,0.5,2.39525939456505,1.4071360673946585
PFI,0.65,2.502454067976287,1.288623778795064
PFI,0.85,2.2423216862583883,1.0248833129383879
LOCO-W,0.0,2.0963611465271224,1.3134340494735115
LOCO-W,0.05,1.5727819129333012,0.26081888271887604
LOCO-W,0.1,2.7610425301371726,0.6759849197181504
LOCO-W,0.2,2.689134158478468,0.4366281168690914
LOCO-W,0.3,1.1958521296418212,0.27398582556074413
LOCO-W,0.5,1.6935379528756063,0.5215771534286192
LOCO-W,0.65,1.4154470296373778,0.41621636624349945
LOCO-W,0.85,0.8411009703500969,0.07854745515746242
LOCO-HD,0.0,3.9981180905323104,0.7639000793109221
LOCO-HD,0.05,2.369414694160284,0.7661867526716793
LOCO-HD,0.1,3.2561265978519813,0.8878861099381894
LOCO-HD,0.2,3.1174204707963176,0.9390123062541917
LOCO-HD,0.3,5.186974113913887,0.8476688237938325
LOCO-HD,0.5,2.587856659574293,0.8754256150123415
LOCO-HD,0.65,2.537748090159184,0.716271261944136
LOCO-HD,0.85,1.2538805133559523,0.30027547114529346
Robust-CPI,0.0,4.181796523548329,0.8249926988109263
Robust-CPI,0.05,2.1645988704042787,0.7460788489923544
Robust-CPI,0.1,3.2040393091387918,0.741227523922678
Robust-CPI,0.2,3.2703269641813986,0.9546974155277569
Robust-CPI,0.3,5.278108196488531,0.8353091632500981
Robust-CPI,0.5,2.6806354372309333,0.8347681476990152
Robust-CPI,0.65,2.561981570169259,0.7137854315968626
Robust-CPI,0.85,1.0653633325748455,0.2365896865729636
