method,intra_cor,imp_V0,imp_V1,imp_V2,imp_V3,imp_V4,imp_V5,imp_V6,imp_V7,imp_V8,imp_V9,imp_V10,imp_V11,imp_V12,imp_V13,imp_V14,imp_V15,imp_V16,imp_V17,imp_V18,imp_V19,imp_V20,imp_V21,imp_V22,imp_V23,imp_V24,imp_V25,imp_V26,imp_V27,imp_V28,imp_V29,imp_V30,imp_V31,imp_V32,imp_V33,imp_V34,imp_V35,imp_V36,imp_V37,imp_V38,imp_V39,imp_V40,imp_V41,imp_V42,imp_V43,imp_V44,imp_V45,imp_V46,imp_V47,imp_V48,imp_V49
0.5*CPI,0.0,0.04917338392740889,0.046007664495048894,0.054173894837121095,0.23255493231668734,0.33151877527965223,0.0050708158569410244,-0.0014886642544085227,-0.005041272361410387,-0.01532000227805641,0.0037527062175344295,0.0032778234226429337,0.003084074866072095,-0.011322310239973099,0.0017580070765086386,2.272813270853824e-05,0.004208107823052476,7.478523487480793e-05,0.01844033104972942,-0.008949354753286398,0.00804620895457564,-0.0025036673939891063,-0.017815412810777698,0.015559873255444945,-0.0024382982932187325,0.011243981889764942,0.004449396586893917,0.005336502211298777,-0.0017786362487568486,-0.009327239237429508,-0.004454985255108568,0.004352707893616303,0.0037723627024095485,0.005757527854564293,-0.01096658921538185,0.010263642857754274,-0.0026016001421622637,-0.002749877546232682,0.01352902008678547,-0.0070727854959864445,-0.0035992784868130734,-0.004037640470318182,-0.009806122606876855,0.013416406649168877,-0.015963724202503693,0.010416368554873934,0.012300779108973092,-0.012824696013456816,0.022133314699490203,0.00637657305497874,-0.027489420039010115
0.5*CPI,0.05,0.03877318490624815,0.041398407648130964,0.050176222447502195,0.14553386493325626,0.0923173108928852,0.00028470558706372717,0.0002484039650110237,-0.000846773424785785,-0.008876959573718035,-0.006428901671780118,0.009252769480131762,0.0016296553027468352,-0.02180396957374431,-0.003940748566925056,-0.01276406545388642,0.005157714204369279,0.004642972482294949,-0.00639554940564524,0.0027369089435196337,-0.0034733791057832697,-0.0004929512510098988,0.01135396554397572,-0.002425346480016133,-0.007556141634377456,-0.013020747468091565,0.006761060025732513,0.0011880213017818608,-0.0011453201753185427,-0.008490863943324989,0.01865574924801805,-0.003157279856666695,-0.007111868219340733,-0.003926755409129901,0.0041028809670295985,0.0013629802016502657,-0.0022634332647961664,-0.00726089841737676,-0.0004267727292339707,-0.012936964025095699,-0.005757251371036443,0.010349681260134358,-0.010575825213881118,-0.0023327038158881264,0.005541865956716574,0.011970689032913873,0.004411361098756061,0.013228386752266341,-0.006931280877624291,0.0025448034152704135,-0.014700784537648226
0.5*CPI,0.1,0.07972800079344111,0.05615089411352536,0.051551616740847406,0.31383801167876935,0.3212384099322956,0.008700899566414622,0.0017334633125067889,-0.006360759210681133,-0.01449038622374954,0.0009507927534408989,-0.004503078276265393,-0.00537061795566296,-0.006029602126284894,-0.014286745782261745,-0.013682252696503694,0.015061383758014912,0.014978439516109665,0.0023470082638594736,-0.025006350970792735,-0.004469864595871176,-0.009771665886569636,-0.013370899070482167,-0.0032094049482893627,-0.018817742621246136,-0.01394341449321268,0.0022808779224550157,-0.004826182652721389,0.0041419560517335086,-0.010318323184870026,0.00047361282357716306,-0.004552373548273758,-0.0017275589167531358,-0.0013079243058005119,0.014323573979465154,0.012601218249999935,0.03482282811540993,0.01861201737310858,0.023532165441854325,0.0029268191204325777,-0.005870972739211444,0.003360103819098015,-0.02302706563788215,0.014206239503006035,0.010236482145395742,0.01493651502634874,0.013009160218251159,0.005729312714993107,-0.01729890246243193,-0.015410441291056065,0.005098142441794851
0.5*CPI,0.2,0.0987442680625854,0.08044792586214644,0.0020099817908489914,0.2640340863858357,0.23808480599646753,-0.003938442483903737,-0.0021527957080529347,0.004887797854824516,-0.0005706865116374971,-0.007847323844398568,0.0028067640908662206,0.02067156033782358,-0.0069150167977511945,-0.0021043451191542495,0.0015602031364965185,-0.0011707037558710276,0.000497144299891561,-0.004533641990312587,-0.002885995973166189,0.004342088837521851,-0.0002969461701851639,0.02741023740486126,-0.01952576696004127,0.004248467697135716,0.015320492636995642,0.011944313614071556,0.0009945234309971518,-0.020811613574442278,0.01524752954687214,0.0034824858025337413,-0.0031142295569002165,0.007170752680372372,0.006662962361547953,-0.008270505030900877,-0.0014767970246598594,0.008999823575828403,0.012308407975196944,-0.006381125274619759,-0.0033701770187679614,0.0030298139035302984,0.0043791614678860835,-0.005578115435791231,-0.02067464337178726,0.00443244725328551,-0.0022631813831450742,0.003178517057713437,0.0103639125459698,0.007018380841218752,0.009732860202891214,-0.010701796476142
0.5*CPI,0.3,0.132615573369819,0.03017258244605925,0.09990747849787174,0.340412438522371,0.6612473279695044,-0.013271585500078231,0.0033382243627244623,-0.005355981494836515,-0.007302199639161455,-0.00037484407478705073,0.008560803027185981,0.0002156441336789161,0.00106385501853401,-0.010463681840001682,-0.0005141112519895241,-0.002275238848284622,0.005751911451070457,0.009770059023487043,0.0031842615896530146,0.0004415699911872739,-0.0035652633233422826,0.0018467684086395098,-0.008676955286998633,-0.0005606538644677972,0.0015352948261160293,0.0016007809094766845,-0.004894576711259702,0.0060999777825253565,0.006648433419596644,0.00023914171414607388,-0.0021499726917045825,-0.009513897941717975,0.0011171036009481883,0.012292254754106113,-0.003090823220322614,-0.0022805948691039246,-0.018207463525110712,0.010112584942504554,0.004238462917034669,-0.0020179958794191988,0.011535349438602904,-0.0018019688942956247,0.012797005212429435,-0.001974445605619768,0.003128125832316808,-0.016125662027054455,-0.0018641643620539439,0.0008717296168346822,0.00588266363056178,0.0017496658025019096
0.5*CPI,0.5,0.10074705858813782,0.1615296464326148,0.19815893108211868,0.5126118442701498,0.46585796199125495,-0.008543107930805593,-0.0012370181934441282,-0.006635309012953727,7.352685472616916e-05,-0.0012453161874089735,-0.00510483629874281,-0.02028736469956527,0.005985820606495107,-0.005947199677062143,0.0014930677269155979,0.005036825934685019,0.0012878529714204223,0.003643952959595742,-0.003874390625791313,-0.0019967871962844885,-0.007963042865093861,-9.087130469187521e-05,-0.0030927948004176864,0.005625000446746742,9.695086496352978e-05,0.007864743814862574,0.0027631455451174736,0.003353787891799631,-0.0014940179259869124,-0.0008505258306492625,-0.00427607276212294,-0.0022018008437961756,-0.004826824749354031,0.0019463899775495896,-0.006094510865908176,-0.001564838817341041,0.0035005654196430536,-0.001289247198919652,-0.0020355287090975116,-0.005873936532943547,-9.108837138849246e-05,-0.0019496476325624457,0.00127766161459264,-0.008745437549689039,-0.0008834385031889491,-0.0011578816576535145,-0.013907732959297814,0.0017595388064690631,0.002891688629757194,0.002124294120165904
0.5*CPI,0.65,0.09336989814951974,0.16883015938875173,0.08475009108025716,0.5379598601074858,0.5920171765613971,-0.0019577497001999067,0.003273410147310307,0.0020321952038536706,0.00980147719962593,-0.001424093180362962,-0.0015744055106121646,-0.0013761753263283327,-0.0010102067669053305,0.0006904512895275494,-0.00043630939944938607,5.272344863993528e-05,0.0015327938513423067,0.002738132524933712,-0.007700885979262773,-0.0009755142887058477,0.011416840398306316,-0.004702557363227944,0.0013434074496926351,-0.0008693778332411473,0.0023530545563246186,-0.002926097729039512,0.0005715015001754864,-0.0020974877533049274,-0.0004746357507011689,-0.002742645632250129,-0.0006387801071959243,-0.0017364057415731327,-0.002719130385156532,-0.0009824440855839,-0.0005397312888059114,-0.0012275949494677807,0.0012034919167684954,-0.001476944327905072,0.0003384862954883827,-0.000426116484681327,-0.0035835794742579696,0.0004196929446969033,-0.004188367750029676,-0.0025883540427035223,0.0011749432480734345,-0.00028532552406096423,0.0021235221386653458,-0.000900958695698062,-0.0012045908903059455,8.665647442640534e-05
0.5*CPI,0.85,0.0756510396298691,0.03966249442576894,0.01826070467101354,0.3093820162894981,0.18132201623225008,-0.0064347726863918375,-0.0019780837230557458,-0.0033768920117499546,-0.0007288903839355043,-0.0013453214948952463,-0.0011686687153173725,0.0012999686425475832,6.248064317518343e-05,-0.00037273916982116795,-0.0007586768949943701,0.0004783848291499415,-0.0004009477227625291,-0.00020207262022098327,0.0004802389620862657,-0.000500038446778317,-0.00020161533251839003,-0.001477220525216122,-0.00022178795675231733,0.00047687734532256276,0.0011143666328335966,0.0006672241588816796,-0.0010572636699377747,-0.0001975531754363491,0.00024569299121238175,8.437080143494646e-05,-0.0011286481709972818,-0.0017192327501248383,0.0004284225611408121,-0.001377585809492432,0.0008597795395940411,0.00031802398624550254,0.0004977219607046335,0.000489409314362782,-0.0005875850823900963,0.0003600353164350256,0.0003326073172199018,0.00024716834179591696,0.0004315797986473302,-0.0003434659622868208,-0.0005771507272621657,0.0007756135279614051,0.0002785418223640035,-0.0010470247768067098,0.0025131045998120216,0.0004302595805915632
PFI,0.0,0.030255817665991058,0.02768350400552899,0.032549595069241155,0.1355340414894184,0.19018204304800967,0.0030739456053441305,0.0004054532779027564,-0.003160051051066315,-0.009300398733946169,0.002275453829295726,0.0019876820099753445,0.0018702588874712767,-0.006895053448649158,0.0010663586773458356,1.379066175610788e-05,0.002551373215923247,0.0007086594034719784,0.01115128940693988,-0.005936360962258913,0.004874977665434654,-0.001519847799605456,-0.01084552048573606,0.009414355031504229,-0.0014801477424746246,0.006812101236300716,0.0026975469117347384,0.0034507189371135727,-0.001223620890435484,-0.0056692276086791615,-0.002715343013808491,0.0026389740697851938,0.0022873642815071094,0.0034897928575154946,-0.006667670852920082,0.006215935078115908,-0.0015793262496168747,-0.0016693850995233017,0.0080848461334877,-0.004297146970255072,-0.00218537844220279,-0.0024517374929444724,-0.005960827922253831,0.008234305084772853,-0.009714921446801972,0.00630825347333408,0.007446903110747138,-0.007800082374924688,0.01352119983850053,0.0037921400533684757,-0.01676499025171818
PFI,0.05,0.0298422024218441,0.0316376928495361,0.038249285341792394,0.10806470875365082,0.06954388200828765,0.00022022286812495295,0.000192145255179188,-0.0006552102939392235,-0.007070535776933173,-0.004982852447551256,0.007138020086374208,0.0013849645511885278,-0.017006520880539666,-0.0030520745179440922,-0.009911985418822544,0.003983749429997241,0.003586719764692603,-0.004893533585548671,0.002115478188985609,-0.0026897236318856876,-0.00038139189554065034,0.008753526559134306,-0.00177347107526038,-0.0033887385361279776,-0.009934417131780338,0.005000237569332766,0.0009186992211791534,-0.0009574258863414009,-0.006583985215346422,0.014491636962419951,-0.002129818733694666,-0.006247529591997925,-0.002189927584865581,0.003170006566203254,0.0010539401726750164,-0.0017521268000404433,-0.00562911845244507,-0.00033018363483683366,-0.010046776296908533,-0.00446137446569117,0.007981632019333107,-0.008151233744738473,-0.0009177065922973959,0.004279973474852428,0.009300780185214297,0.003408034012617467,0.010311795038363769,-0.0053730442568342696,0.0016167652519474274,-0.011422652307784498
PFI,0.1,0.05312855762077251,0.03470518357839558,0.03460130441106113,0.19910632753541413,0.20380942595264973,0.005942138418896015,0.0012198132994469812,-0.004463238779353507,-0.009717164772031106,-0.0011064650679815102,-0.003123643849569202,-0.0011005419256158167,-0.004328290677015678,-0.009750148629179334,-0.007345162635328695,0.009786260544293768,0.009628898515670947,0.002304908829907637,-0.016942094751976944,-0.0030141641208352166,-0.006597298420534026,-0.0012657879809607753,-0.0024609668023416464,-0.013882784596739084,-0.009251595190786555,0.0004511332722973993,-0.002407427236396087,0.007991039534655853,-0.008675674400242306,-0.0067794247160353205,-0.0030698600367899953,-0.013480232236005696,-0.0008813389098492053,-0.006443734448727589,0.008405203715606824,0.02483839177394076,0.013081438108387244,0.015227577441271123,0.001970330819297317,-0.001184666696680603,0.002261795616359308,-0.015593984364285607,0.008579178334160442,0.009672575757874613,0.010028044186162877,0.0087378454163618,0.0038545212525726846,-0.011560827772631566,-0.010886295995752082,0.00343037699000015
PFI,0.2,0.07104298388148189,0.059001547816661226,-0.004501907634028912,0.19918430391363318,0.1663128061242305,-0.0030706479421520605,-0.0010035043970804125,0.0021930583478848575,0.001278791985789951,-0.0021206598794130116,0.008320425783133523,0.0075227853469719275,-0.0023587363573216447,-0.00416865172580505,-0.0016257113821411817,-0.0009282494660975971,0.005998840858659316,-0.004604981786682005,0.0006591343929138738,0.003519624220634565,-0.00021698156471150476,0.01611365387306818,-0.012329402558271862,0.002390918735998504,0.0025783137748423,0.01785679444370869,-0.0006608477933822687,-0.024891470934303994,0.009992523947050413,0.002064158572886665,0.0014065298831771322,0.004010081601671267,0.0037209596570486614,-0.0079879969291472,-0.002905788268113829,0.006827388038873172,0.009440318109165124,-0.00329443698210774,-0.004194820620719186,0.0017419937573919242,-0.001506015441126607,-0.006858104617979199,-0.009902891407123082,0.0021144584889045692,-0.0016260270575949587,0.002065443889683438,0.00806605530522786,0.0046846104125071175,0.005310847443441791,-0.007421695456726107
PFI,0.3,0.09596442500056357,0.03147689723864566,0.10947107713170845,0.3046052120876408,0.4510962156792213,-0.01142844369266327,0.006539432329252026,-0.005654876599380021,-0.0018719621253031615,0.0017230824967489067,0.007336728446982299,-0.0030970677262773805,0.00015128651367257717,-0.0123917463244827,-0.0004868088149534433,-0.0024222709802317333,0.013200171250005166,0.005640609407755903,0.0014328550278519536,0.00048777970356694844,-0.003904019730126995,-0.004375034303142122,-0.005085670253752728,-0.002271734962768779,0.0007723771112138067,-0.0014594812083117414,0.006627245408043159,0.006383552052376507,0.005274718176845328,0.0012408541463266864,-0.002730547904028713,-0.009629557996764015,-6.609375976296405e-05,0.011097162251987536,-0.0036632645274941034,-0.0017245737325000121,-0.011910755339954893,0.005627029130475414,-0.00165888239738754,6.370569852842678e-05,-0.00462866730972733,-0.0016137326497092097,0.006405203427339856,-0.002783747750847887,0.0044844499814225,-0.021069738530552273,-0.0029375970253469053,0.00040294891551662104,0.004227272208721766,0.00385333939663024
PFI,0.5,0.09145486133395697,0.12576567315615916,0.16542681412920435,0.32431418574503423,0.377561225920791,0.0028542910922555453,-0.006589967460258972,-0.006169666359127746,-0.0003487631029854832,-0.0006082447460227236,-0.007556513668379061,-0.012254069981533888,0.005310372911452532,-0.0042770234108744365,0.0019667019652784834,0.00441278120554589,-0.0015786946256524104,-0.018678719667059474,-0.006591845314301015,-0.0020310482520216055,-0.008211217662994708,0.0001754066294494816,-0.0033024784064672463,0.00778047441256402,0.0019319968308866287,0.0010181889287854684,0.0027282136180446503,0.0010967744197312168,-0.0006732845345209792,-0.001607017101455055,-0.009307832369422453,-0.0004446565430797911,-0.005230811600927421,0.004110216904897657,-0.0014361639662867631,-0.00044757853746602017,0.004474334714742012,-0.0013372018887900516,0.0003849437190435179,-0.007219432961804717,-0.002144487045264709,-0.0035510706252852575,0.0002787802765658043,-0.0032794327092753317,0.0012446701104467106,-0.004027639996768917,-0.01133600125898071,0.0027982022369543724,0.0026352242446872065,0.00175233205365255
PFI,0.65,0.10137567143181925,0.18825601089548027,0.1256104434497598,0.834009763370748,0.6388178174149572,0.0004478370306204571,0.0028135045661614733,-0.0007120489276918329,0.0034199936275105536,-0.00040045706049263163,-0.0012069304242083856,-0.0038147000188495372,-0.003101311267905804,-0.0012409396447133902,0.001509480050566725,-0.004467925771524994,-0.002650261188815062,-0.013801194188325594,-0.006678798695146426,-0.00216925760371256,0.014453691130342783,-0.003245505363666412,0.0018498216602758077,0.00034741126153015056,0.0005729598750950915,-0.005708073706889083,0.0002540580962907546,0.0008656621501443862,-0.0004017029735720046,-0.0020938733941162635,-0.0016780836985856862,-0.005879529188570043,-0.0005789928897728114,0.00203221666733,-0.001237704191066502,-0.006409229247645976,-0.002422334172623941,-0.000683507956507734,0.0013131071980325704,-0.0030507073606701463,-0.005444443575424951,0.0012065270792375182,-0.002173573581946364,-0.004529460225585424,0.0014427686474548507,-0.003077868697763053,0.0017715545825646162,0.0014736920086606542,-0.005922496756475271,-0.0031158323347896255
PFI,0.85,0.28241405954209176,0.23721963500985177,0.00419182631274162,0.6662595421347062,0.5963209477745097,-0.043761554563024885,-0.01677347847702715,-0.038348086640139,-0.001273718043222738,0.006114021243765588,-0.007517898364548303,0.0038214074907564344,-0.0037876499258332474,-0.011499486782304835,-0.010035670512109851,-0.012861331837714873,-0.0034043844551996383,-0.005614525494661238,-0.00740953072235373,-0.006148273010857519,-0.0005592950080592907,0.008628484724344965,-0.001888629161228672,0.0018352612083696318,0.001375812757667405,0.0018568519092696523,0.002798774719677821,0.0004063922900451322,0.002209431146959373,-0.00010831199626071264,0.0004073079963216042,-0.003581015284155664,-1.7332860732910405e-05,-0.0010631625117524246,-8.851851440205838e-05,-0.0016134677518053753,-0.002522990531804603,0.0011219476836082931,-0.002812495935567094,0.004050121938808715,0.0034464688766198126,-0.002041570329439746,0.0028318899379695672,0.0036103059952841132,-0.005296759130268058,0.005875548084024351,-0.0022940434899518802,-0.010866276359835392,-0.0034633036042243104,-0.00519089974768927
LOCO-W,0.0,0.28721662548763277,-0.1880898915117383,0.01050108049274044,-0.2918536943294126,0.07305441507429501,0.16760236989516653,0.0934764137457771,0.552263721905417,0.1226935716065577,-0.011098434367180887,-0.06652577208784663,0.008027311727672876,0.022244071484109697,-0.2154564846951394,0.11838172516661609,0.17363837869389617,0.12593461125754518,-1.7938446657290825,0.1462246987315499,0.5322068157772085,-0.12700890336411733,0.06115060102546389,-0.1398900055661701,0.10948491238292271,-0.13693521800781414,-0.003784222289115383,-0.206383269466332,-0.2878129304073933,0.5752052304111982,0.20163694973582935,0.06444099190890316,-0.08381796534950257,0.25187417484623165,-0.04873636421832119,-0.16764966563469993,-0.13719286514856505,-0.1223641932711827,0.20312504910638396,0.143295014672103,-0.19041012951339067,-0.17878925906553678,0.030536719829278035,0.2638910172265411,0.05598868428713386,0.012042658090555962,0.026563659072953074,-0.06127897956154918,-0.7568675383283593,-0.08582003060225159,-0.614042422245456
LOCO-W,0.05,0.1031181312700726,0.8556754156257476,0.19318617159536264,0.8484926929094502,0.013980794336935115,0.4306072890176961,-0.04357004155791085,-0.13933925780947612,-0.24649330393732086,-0.08104265397444405,0.13823777824246675,-0.02064263001741608,0.22207351996366384,0.06891919332749157,0.22636917003546567,0.05369502958460289,-0.024529698924151903,0.15008169860337706,0.08712379822608675,-0.12269025505632904,0.3686863925273483,0.2963603977215385,-0.10208260041396615,0.02389690178992908,0.023523207078047118,0.11189162160034544,0.1193990137445237,-0.10872131889866934,0.10907407625895561,-0.19958095777484405,-0.09337394587167686,0.0070298927179379194,-0.08891473537151633,-0.667813066742551,-0.06829396406208284,0.11863208599723027,0.825110073798683,-0.08043569847174435,0.04341739317975833,0.4474634988939783,-0.0068812385044069065,-0.06894537697770517,0.08818297764315673,0.1078186611050988,-0.07653088623993194,-0.29035816347757515,0.25961813963342484,-0.012011819257538095,0.07739983846554155,0.0864664994386459
LOCO-W,0.1,-0.31650517816490586,-0.9505382177677436,0.009959089691009277,-0.02149775952450401,0.011434174160266772,-0.07964651915030488,0.33469255849843066,0.08300340575299205,-0.5831832012700867,-0.23855015070397498,-0.21754457804817798,0.43796820137462716,0.23513787082827897,0.39916116981767713,0.2259894286919316,-0.14283472125181992,0.01558318393778526,-0.33815609127181495,0.22208132683442297,0.02535288902997507,0.04299089724574813,-0.5201538218287283,-0.13177716397478728,-0.3841792349872109,-0.05172465145944498,0.13302632015521987,-1.2755401713740675,0.28236507670113536,-0.47870534784354035,0.18045611205677645,-0.11135904442663785,-0.14530146733215415,-0.1933258708203925,-0.4551473500936847,0.03366764348607577,0.09313315509843088,0.10578855061159659,1.1517705027037026,-0.14250901157462356,0.08529615421365574,0.7477169206085665,0.513007285725804,-0.07182423224625725,0.2390697147706526,-0.3840782417454483,0.41216926076711635,0.0414836836038949,0.19858072411171285,-0.041052840860832225,-0.3451800723582459
LOCO-W,0.2,0.54991034220348,-0.14744585997682175,1.216126058808842,0.5973335728436147,0.18194163787953418,0.14327656869241434,0.8336562470518246,-0.3086599141232813,-0.3149124617866464,0.27679813940637354,0.3755335749114071,-1.3006325584737675,0.27763916778944314,-0.29366781001731446,-0.5246855384244495,-0.8276998252107542,0.6025628868056948,-0.9058729264030744,-0.03405776496924911,0.4867753086139554,-0.14963756879692702,-0.2508264138238083,-1.1522329813271561,-1.0224796357713186,0.1764314303149166,-0.6146156192902199,-0.1785583441343488,-0.5358230147782067,0.6843160537251131,0.31377132571226585,-0.10655308912774426,0.8585828085678854,-0.981118506310773,-0.800241074178911,-0.11089295819795651,0.5219543445130742,-0.4242494952959712,-0.26244139091327234,-0.7020485317261054,-1.541378387669587,-0.49459471901822943,-0.4584941788173362,-1.1395409860764898,-0.028640008386628963,-0.13234554085628125,0.24954569912312333,-0.8998902176595925,0.17350230000071676,-1.1642764351057076,0.9018686783814361
LOCO-W,0.3,0.1573271690689646,0.5515470947894019,-0.11408747850078035,1.041424209120549,1.2831806027662365,0.042026029044605784,0.3589167682321,0.03006579721214598,0.38558025949577923,-0.6350779330086747,-0.4514654897529573,-0.6220786555802074,0.2988994131138383,-0.16233086092615948,0.1610596037749414,0.2939145684812743,-0.29637665411477854,-0.7167105751188755,0.4502032775068652,-0.3896355874318008,-0.23978813303679808,-0.32502870125463473,-0.14380705572198885,-0.19885816810748438,-0.18483352498066433,-0.581476261002504,-0.2867289485762608,-0.9720854897011633,-0.11774354975561391,0.04537268542662759,0.5737493638143397,0.13981438098282098,0.20674144442035264,-0.17250969346943748,0.37007653685860004,0.4373457473807955,-0.10285954960441386,0.060030003679090733,-0.581537050989006,-0.03435846726226421,-0.2589961073344936,-0.16703107347677904,0.46587011353530416,0.4567572479638982,0.34836556588485296,0.11098895152976056,-0.3908483737226057,-0.5860865940861655,-0.17661899102356005,-0.5235202553189404
LOCO-W,0.5,0.14309725214317018,0.19761069718214153,0.4202045779574391,0.2736300353112156,0.07058337690346789,-0.5332652156829986,-0.4101522906179692,0.2507247635925791,-0.04239710413561328,-0.18970460468550132,0.04522832382966741,0.4995023995078675,-0.33726747709274485,0.3641645331052212,-0.20497437382935307,0.09357155776918388,0.14167356069244905,-0.2744189323415326,0.8574920047513752,-0.7143754147084902,0.3073717302767711,0.06944368431465822,0.5144385042757489,0.487830426150353,-0.034765525937677254,0.26489993155029185,0.014260402099640771,0.04367538646243117,0.3137081117854787,0.03973592695906925,-0.36889627915369677,0.13689740192038702,0.030217363710660226,-0.3214184295087105,0.443424121598144,-0.24296985686049813,0.39125127907575125,0.10441851086381311,0.008444601144709888,0.38857319398033197,-0.38116153362771743,-0.5540254380736679,-0.31126360306073014,-0.1598502171497733,0.04440232508281707,-0.3359813872874901,0.4669744753863076,0.6215570333386504,-0.19017099617929933,-0.3901801890500031
LOCO-W,0.65,0.01064861874330379,0.29662427269868147,0.15340251421629117,0.43835524301033524,0.3136638899355491,0.31968513837891516,0.13498285884968125,-0.26850845713748617,-0.0024530226471794654,-0.0608829070136067,0.2734559118452807,-0.011919769177210042,-0.03225276442234545,-0.08991284702991917,-0.06281020010530904,0.17874212573864573,0.294074865577107,-0.19454515126323593,-0.1989734313980268,0.015002472706099513,-0.1021582834330255,-0.12706937988658498,-0.20240066901604797,-0.022305882879325018,0.10708347502108506,0.2855673739960283,-0.1570461118249607,0.16604604470721165,-0.042171047749278,-0.2435501663883957,0.08870916358979568,-0.025311669805120604,0.11411931288854223,-0.031997103656753886,0.10358974303477898,0.1924565238046721,0.10955816831049811,0.39015659246234313,0.026494424836575384,-0.1929827037568757,0.05657905040782019,-0.1848262017487176,-0.14964518458008402,-0.17859473893802638,-0.17548222269791325,0.26317856049649635,-0.02213515943423929,-0.07849862119993475,-0.09992559286676102,-0.16150028290407323
LOCO-W,0.85,0.03540443738124082,0.009433984747138953,-0.04091755335517686,0.20420266606863205,0.009531434081608661,-0.0036308776070903244,0.003366330346572672,0.006295863233678337,-0.0009538742142448803,0.013386483259214817,0.0032975575852421447,-0.008743383373756426,-0.0072553018983828555,0.04536889830036811,-0.0019658709220666637,-0.006803974136552367,-0.003995702042893182,0.0031602476902196537,0.0003096621328272155,-0.00952058348967542,0.006268939708423609,-0.04046968965415112,0.02207567055957433,0.021214530377043156,0.003985384125084608,0.006543489797518817,0.0015605499587421502,-0.004803469276790123,0.049338764320863975,0.011493510199993107,0.003819648889986297,-0.001968119381376956,-0.012168904813351705,-0.001101288341397934,0.012163650090285102,0.007682531766898864,0.0069039296725053705,0.005153326796570003,0.0063866991795737,-0.008493541434284943,-0.03390116011741401,-0.02257220595271134,0.03143495424938807,-0.012120764150853024,-0.0022400853160190267,0.001501466255056036,-0.04046122920334649,0.0044722306470063936,0.004749048497976359,-0.0027475783402753787
LOCO-HD,0.0,0.12023890216021327,0.1488462454948558,0.09154386823450444,0.5017565970800844,0.5001614249406656,0.07238640940388041,0.06108616618335372,0.0627827147476685,-0.012555167144066015,-0.05380134822768179,0.03370228004866016,-0.05896863030904553,0.014813351712740896,-0.026716169832646575,0.043227672994386346,0.02294132724070863,-0.0029686580476027125,0.03559620858372803,-0.06037673994294179,0.0684663594504622,-0.03855330211135666,0.03984672907294273,0.08379733507498344,-0.05422303787340965,-0.037788747752670826,-0.0038609195092709214,0.029202646488232453,0.0006573985641926683,0.020718685542775006,0.03367852007690475,0.01200023365526226,-0.01891501629985015,-0.00552445331367224,0.05434269493793131,0.07245379903946914,0.010532474111929702,0.009677080909157088,0.006312781645991805,0.012771650579262328,0.004284764117464146,0.023745390911436015,0.0008415457886163935,0.018550102654852907,0.018779559229021636,0.0543563661933546,0.03475571284065904,0.050664313441790565,0.030626422254609764,-0.0037504526257299275,-0.004864402050037686
LOCO-HD,0.05,0.005937483337775218,0.048876316656648156,0.06293535916449677,0.16108981858944627,0.1482731093516403,-0.04520744030105717,0.006041406794330406,-0.0012356149958454576,0.02089096838187743,0.021352788671351375,0.04976028910274799,0.0021496986457245626,-0.02984121725789768,0.04926590401941744,-0.0007420725819131668,0.047250001837937816,-0.03798141222343587,-0.010884962423595601,0.009563446143127985,-0.018428202250022174,0.02578644654929496,-0.008797807351231812,0.0121733971903224,-0.020302536815128835,-0.010498637750790962,0.00039808489912918077,0.017226472183972774,0.0041265232338674185,-0.0069345550969976966,0.0021071203570384167,-0.02926477334213784,-0.020096207848552483,-0.008991041711672754,-0.0015620574337071869,-0.021846073940307242,-0.0049335169685493785,-0.030028062860622207,-0.04216082398612331,0.00047905590582386637,-0.018926059732831124,0.03470467478248329,0.011616151642178663,0.02662379792214442,-0.02672954964302776,-0.04564425859525567,-0.02897592467522725,0.017221670416702306,-0.008926496784624538,-0.011803104451501012,-0.014661599272613346
LOCO-HD,0.1,0.10495855714917868,0.07640159299775595,-0.03359873729699325,0.46139250865540626,0.4107319489380945,-0.11720193084852593,-0.09419918133644956,-0.06877692373051314,-0.06303336345565613,0.049650498280712,0.012025938891941923,-0.0287814928491561,-0.07522134996911323,-0.12657140376381548,-0.034912149875447884,-0.07935593720683576,-0.04807606538531628,0.012926560226071082,-0.06469228994751841,0.005171992474220399,-0.06768096385440359,-0.008003067379780848,-0.08770744707739508,0.025140056856464366,-0.1268517240503786,-0.026393798498952847,-0.08961886864444812,-0.0033404479900216444,-0.07215222588337777,-0.04519380103805837,0.01401078498246422,-0.02013098236217603,0.0032617929760272446,0.05106445640888779,-0.020826292349937603,-0.06085257220247264,-0.04180128422015095,-0.03230988165976756,-0.07181106582463093,-0.0536459685454469,-0.019662186762196665,-0.10570275984069344,0.009706199908858792,0.004204886090451332,0.01051681724469633,-0.022316441730366954,-0.049719619985273855,-0.15633972714109357,-0.025408929965780924,-0.017617949702122715
LOCO-HD,0.2,0.03609597882405202,0.055406557672069034,-0.02891697032227869,0.48108955619193994,0.4604137717365515,-0.022376336479159153,-0.098325655888297,0.03885444701080365,0.04055916596069942,-0.06677217758528542,-0.14257477896335824,-0.153553668482028,-0.18384843261666295,-0.03928068984331157,0.007471315894423736,-0.0796329213723932,-0.07752624731749913,-0.09844449007291334,0.06637578954934042,-0.06727460578567834,0.0270038282548688,-0.011092505297307653,-0.08385892467858924,-0.0018482694692671942,-0.15275195975330091,0.032571619678870345,0.11769756917185203,0.028563191205654093,-0.05371689176798489,-0.19790760059018053,-0.02339623117581091,0.028116901466202382,0.017289715120985427,0.0108615919773567,-0.04859300744664852,-0.05994583039357382,0.11929047226405753,0.05570261597439874,0.01845421877279696,-0.10068245082404137,-0.12489921281383487,-0.17984128184069403,0.020768873947209165,-0.1660411486954343,-0.012160049036105569,0.00340215686078027,-0.12356584702306894,-0.1005887810033339,-0.14681003607419152,0.08335463949680433
LOCO-HD,0.3,0.13347167976094054,0.2002288177398066,0.20362547938103037,0.5916312868952496,0.5684506980010857,0.03453449344383919,0.06515876253622688,-0.09878070918830373,0.01329425992238309,-0.004818859518455065,0.04689032779643054,0.06639883936767355,0.12026123146316192,0.00017833660594068768,0.07387522724799767,-0.005224024339406608,-0.027243231015959823,-0.007002158246680601,-0.04132224279578445,0.01869411964903378,0.09679879380849687,-0.05742247269001588,-0.005536827687441903,-0.021183518554690917,0.04424813955623108,0.09400761359856746,-0.03485352716259693,-0.026322573734607557,0.011612512716034695,-0.02221478487759354,-0.017780091160896516,0.05795307180744702,0.03095255204433256,0.06082942872756125,0.025636938142690635,0.11907384817926214,-0.011102375384058671,0.0021671317601044127,-0.04742445124546868,0.04118914201651469,-0.11032964739359175,0.024404770231775563,0.04900422281348171,0.02608115895921248,0.02702840988189381,-0.072770119994497,0.04963046867936782,0.02097265363356926,-0.07206078087800982,0.040448161348908496
LOCO-HD,0.5,0.23345271936882583,0.2062454331238961,0.3598964493686765,0.6655877348464292,0.5016895281047236,-0.04711386025892428,-0.030606321167861328,0.01627807400189929,-0.007534268859710647,-0.008332627761850508,-0.049132343326737216,-0.07712420764363515,-0.00893120175300588,0.007429632288962651,0.016809512756748024,-0.01943350805411459,-0.026577929928830235,-0.020316195643405033,-0.04016791419603161,-0.005909077167181476,-0.0029889985682305387,0.012133045079249616,-0.06353945865782329,-0.053566116797545416,-0.03115458252539649,-0.015260803215128238,-0.03399568772391692,-0.0269247604762215,-0.018823735828658705,-0.012454447777362265,0.016693583441675264,-0.05610385084173464,-0.004023648168078653,-0.016661320928494705,-0.02512221054166086,0.010311851305268904,-0.032375861514679194,-0.01680257533887186,-0.010383092175919817,-0.03191829632666088,-0.01819857131190017,-0.0024430419051133523,-0.025046195017129902,-0.03176776355184496,-0.013826375193393359,-0.002831217293062016,-0.05330228286096372,-0.030880366337315834,-0.004235955936734204,-0.023139164052353944
LOCO-HD,0.65,0.12745374778536422,0.13992254208546873,0.13204703132458273,0.6430112701055194,0.9059209748603471,-0.025392871802909167,-0.010800073403153698,0.013848357166397207,0.013427151125915415,-0.010926597934274529,0.0005749733864034434,-0.004751627234875655,-0.0022351555418705926,0.011521262056819581,-0.001998611102689729,0.007270531649471335,0.013234462757846344,0.0074234525663998685,0.0007481078998758939,0.0032748999056069206,0.006312076095140728,-0.00499379132765887,-0.01732838010656612,-0.006574214179971172,-0.008207402094061123,-0.015340230286820744,0.004379755832523591,0.006218139831341896,-0.0018109787375115705,-0.008847256550210347,0.001920839871712987,-0.005290686057494387,-0.009941281930441526,-0.00019861784638253166,-0.0033946261372905795,-0.006372160420955786,0.010522098588732542,0.005961240923070044,-0.012208145319100305,-0.005557402574761561,-0.007910914663573188,0.006966737487307473,-0.005184847467217812,-0.004254398559491612,7.738303654591938e-05,-0.0028501836997018026,0.0045624020634637,-0.0057333985838845525,-0.009429146176964553,-0.01914376939152429
LOCO-HD,0.85,0.15633686374144656,0.10937161060107303,0.02371885885099234,0.55273129658246,0.27512501591321326,-0.0017403260583228053,-0.0028038306029659066,-0.0033204696980094206,-0.0013657933525436095,-0.005038649816924978,0.0024611079397184876,0.0022560321206389067,-0.00031128737396152184,-0.00799807219890869,-0.0017748391485876702,0.002818027295367842,-0.0037076956402937733,0.0001398034988696062,0.0005054355321005288,-0.0032319146505222496,0.0017157228855871343,-0.006171958716302939,0.0006513413506049615,-0.0038485850697390633,0.011886842519357455,-0.0006088880087620763,0.004388094252518515,0.0009618050574435877,-0.00021606700425996772,-0.0028925218296000366,-0.0034372729791306567,-0.011433623686165906,0.0022283260937711047,-0.004997587768389655,0.005737334697983543,0.0033375563781674056,-8.548169674094108e-05,0.006148757761201218,0.0025266086354079342,-0.0003220539871117145,0.0019925670048706046,-0.0019683752736964766,0.005210222423791988,0.0049893082192394855,-0.0009043338553949565,0.004757990611205298,0.004664554708541546,2.6439493646057688e-05,0.0010468751197437176,-0.0003770138229566844
Robust-CPI,0.0,0.07488753754488489,0.07973926273006851,0.10091936781162954,0.5608580995440818,0.5350133645468488,0.005179666981297625,-0.0023098764548707346,-0.004863775022502556,-0.019600884842370037,0.003498862823515734,0.006727772115947737,-0.011419842049513696,-0.012624795954243243,0.010103815128071672,0.004271236287331971,-0.0172536466694719,-0.009913570799152066,0.03919082941993818,-0.02810296292190957,0.01699871030538412,-0.0021842700575549906,-0.009343667835945011,0.009153680344113417,-0.004201718201121613,0.010779956675884201,-0.0025238590953910152,0.009319255429028795,-0.01460277213260766,-0.016240380547875757,-0.005491721170698449,0.0030548997387540426,0.0001092882154094664,0.006382892701872096,-0.022495387391578376,0.018815673291411702,-0.011262081052503984,-0.0007131891955317791,-0.011623393645237299,-0.016266755593296937,-0.014816938808037144,-0.019052385388681734,-0.019083768540942153,0.007211685496733011,-0.016415297398234188,0.014653764593379043,0.021646502165189877,-0.015049954369611374,0.013423414472693325,-0.005255615096629236,-0.030174958463735635
Robust-CPI,0.05,0.06410800974017974,0.06229364952801021,0.07071416922801092,0.2580297091181522,0.21462811098672244,-0.02391735788524853,0.0006191658262372829,-0.000614771978214348,-0.009451265031884593,-0.012842091250067385,0.01589617584745822,0.001081891852771528,-0.02814263721733234,-0.002764266194878995,-0.024974194519946626,-0.003570967409797859,-0.004599981405917,-0.016559032451995696,-0.001590895657149925,-0.00266475534866631,-0.014920197925814687,-0.00147914379428478,-0.011447131595188615,-0.02034616198864342,-0.01341752578623364,0.00326532935218352,-0.0039399090927793815,-0.0031537179533592135,-0.01668567823865523,-0.005132058738102822,-0.005514254118774181,-0.00652212362477236,-0.010033039165618764,-0.0010169819233077882,-0.0088580293218296,-0.013374875938663178,-0.009933324626192187,0.011562174706362192,-0.021316185455019045,-0.0009355406065161364,0.010062965279491992,-0.012655322033925519,-0.006938795091074945,-0.010712125834559124,0.0010565828714806133,-0.014628348440061101,0.004510258663980587,-0.007315605329968476,-0.008850438527792258,-0.024038538372450406
Robust-CPI,0.1,0.13930021099554904,0.1463429121903194,0.08920379581154698,0.5772077608879786,0.524173952603447,-0.01692043575035332,0.001318140927626212,-0.011279952873648644,-0.018499824306048265,-0.004249442576871914,-0.01031215572554577,0.01180766782194624,-0.016928698073846244,-0.03415680976347754,-0.024350262112184037,0.013315663136574358,-0.01211497819670299,0.029334869857051738,-0.028713810935711553,-0.03035105604879176,-0.004241012171437662,-0.02545191161391954,-0.024382833889924568,-0.030484518629305877,-0.029199218258304054,-0.010059092580931036,-0.006755412018307134,0.005584820208339263,-0.026479126107207228,-0.012494409898444197,-0.009283337408485503,-0.022917831886930265,-0.007889053836099252,-0.01135495570448711,0.00555487274147823,0.027370834560141614,0.026490475664692918,0.013098342640761585,0.0031070272913017744,-0.010990710858990643,-0.00021173108510644107,-0.045671377271893306,0.0030719206530241488,0.005451083868531803,0.0025870551378930308,-0.009720750743292036,0.019207392673480053,-0.016046792828260062,-0.017571935099035332,-0.010113209570828941
Robust-CPI,0.2,0.14022765539334459,0.11251770768583676,-0.007225815582313379,0.41939027041092414,0.4474657520042106,-0.0055104240136137584,-0.00215221569214834,-0.007606531033129067,0.005949209193761246,-0.012019008855914538,-0.004420524529112913,0.046296429060734154,-0.0902946749230676,-0.006338460135881224,-0.01545812424867778,-0.007038132408920377,-0.0031113417520974443,-0.022580875583778404,-0.004489983955076533,-0.00017946453148647576,0.002404093730930463,0.028735258157410935,-0.008438389524058384,0.0012735819873671945,0.008676849724818322,0.002945002983948364,-0.022751982288536712,-0.028580649339670864,-0.011093979923613953,0.005679893589313563,-0.009745825623106353,0.0015498748787457159,0.0008137511745806817,-0.027492202443427396,-0.004858180564189007,0.008548928755704548,0.013184854093787302,-0.0015453862068173978,-0.006769801522758045,0.002618284187797933,-0.010873931367028078,-0.010603326213032942,-0.01811105060436028,0.002414199924987214,-0.009963100266273794,-0.00526064176859899,-0.0014775176074459067,0.008027224624752681,0.007273977898869851,-0.013488912296490721
Robust-CPI,0.3,0.05657659691384501,0.09004865781107008,0.17618917419285068,0.44523372820444385,0.6346223347342452,-0.01243953710783275,0.007090659722530865,-0.011195392878364423,-0.011649851089540472,-0.0036133974127890364,0.006106734623398528,-0.0031353486120321854,-0.0005254287967239354,-0.01876132802080835,0.008356425640283207,-0.0034989787671293,0.017334718927699864,-0.005480637918313944,0.007091146718923912,2.2187110232880274e-05,0.0032813251028650636,-0.022982297039196974,-0.01725210946140655,0.002551949510804777,-0.002089410976486564,-0.0012900184717486588,-0.019562082416012,-0.001462763664354674,0.008190129732757208,0.002180939030729443,-0.004128842126334065,-0.023929208796445462,0.004171824805060123,0.01088430552305933,-0.0033740566944481386,-0.01004909697928872,-0.0351495639458104,0.0024985698325217156,-0.006733624620622022,-0.009116779852060478,-0.004514183820696415,-2.0225363685714337e-05,0.003449683907407747,-0.008206662654183822,0.002563923873575423,-0.02584785586534962,-0.0005725045741783726,-0.005698502015539005,-0.00021841762477163256,0.0027588518366655165
Robust-CPI,0.5,0.1493568018127099,0.14760356252072132,0.29576747688002797,0.48146762333637844,0.21775183405586146,0.008596781237308388,-0.03492053734097864,-0.0027601170571624244,0.0049045019978753565,-0.0015706223368917242,-0.0055830367762415515,-0.03091300726653167,0.003608794396749201,-0.0035534183096879125,0.0012236523835318259,0.011381936539411115,-0.0005215256160185581,-0.0058911225640280165,-0.0076818123471470625,0.00019337373693857396,-0.01674701530136206,0.0006064750958160687,-0.011536210727057695,-0.002166236342439494,-0.0012869960158103252,0.0026542409444323465,0.000616052339903846,0.0005294018570601074,-0.005869658899144747,0.002765744535843931,-0.0002395149048531963,-0.010453155695350378,-0.007740650912564307,0.0023003050576940313,-0.006282008225465661,-0.005876025731407472,-0.0013711500736052042,-0.003983445930668441,-0.00149074239570226,-0.01031547725680373,-0.001891214522296036,0.00016279526666322446,-0.0012314236216266637,-0.00035635875909826274,-0.003237265467143256,-0.008189110594540487,-0.020217053718547144,0.004703449950619409,-0.008420370617222683,0.0019695336145843277
Robust-CPI,0.65,0.07261033491375296,0.11926374579567685,0.10730565554582643,0.4074003148429682,0.7252041421099134,-0.014449013285932297,-0.0019769977841050767,0.000812903398993876,-0.0004119941288667371,-0.004507374360237438,0.004002374376436102,-0.0026879951530225906,-0.005873942983234425,-0.0017970492358418877,-0.0030518546513224397,-0.0007034396171093002,0.00036651629248768907,0.013322578653971264,-0.006289591238971339,-0.0027903812561368216,0.0006995015151452989,-0.0029397893470764136,0.0011945452460413474,0.0016276634616962278,-0.004220466845717414,-0.0028344029827924236,0.0015475875200301888,-0.004239022664254683,-0.00016135258767342167,-0.0037161893847444433,0.0006845730682662987,-0.0016895278068604716,0.0004628348361407847,-0.002318051409448039,-0.0017675249601363506,-0.002296341181345643,-0.0009175602219661258,0.0008593762447347366,-0.0019360615529544446,-0.0013786426341019923,0.0013846049508350641,-0.001952743020732624,-0.007534502256086246,-0.0026947322978049084,-0.000853613519748865,-0.0024761601764554785,0.004002275224772545,-0.00045500543332252426,-0.0047511810015662985,-0.0004089620571789525
Robust-CPI,0.85,0.09730219188395625,0.03866915309457786,0.014128374041152886,0.36311445434674433,0.10984104509088675,-0.014739856272718378,-0.011248750381032563,-0.0074133488827503105,-0.001629402215236056,-0.0018065027794501576,-0.0009306089186421629,0.0009335931289493022,0.0002590440158205048,-0.002485010425079262,-0.002363922811581111,-0.0004893660021042534,-0.0012555540634147364,-0.0010336126258862779,-0.0013880951797329837,-0.00068515307314134,-0.00010660979374684281,-0.003582998237515085,-0.0004552080010345235,-0.0009287508366836813,0.001097215204629323,9.14165162387441e-05,-0.0009496792094242708,0.0005422594507425938,-0.0003314871611454215,-0.0001367000223630438,-0.002110156501283437,-0.007807408112451088,0.0005631377765961968,-0.0021270798358777954,-1.2325937455797307e-05,1.8690263819514065e-05,-0.000522423832031512,0.003427703033931362,-0.00038772417786996864,-0.0008971777628282531,0.0011846243079519834,0.0004443570671057453,0.0005238968431068929,-0.0005397181008065466,-0.002402182014079854,-0.0001845991092536741,-0.0004994766660199211,-0.001184495703575935,0.0008799085876205965,-0.0007218767194067055
