method,n,imp_V0,tr_V0,pval0,imp_V1,tr_V1,pval1,imp_V2,tr_V2,pval2,imp_V3,tr_V3,pval3,imp_V4,tr_V4,pval4,imp_V5,tr_V5,pval5,imp_V6,tr_V6,pval6,imp_V7,tr_V7,pval7,imp_V8,tr_V8,pval8,imp_V9,tr_V9,pval9,imp_V10,tr_V10,pval10,imp_V11,tr_V11,pval11,imp_V12,tr_V12,pval12,imp_V13,tr_V13,pval13,imp_V14,tr_V14,pval14,imp_V15,tr_V15,pval15,imp_V16,tr_V16,pval16,imp_V17,tr_V17,pval17,imp_V18,tr_V18,pval18,imp_V19,tr_V19,pval19,tr_time
LOCO-W,200,0.33160586180190277,0.0,0.21839195026609115,-0.2140467546464143,0.0,0.6908356497882565,-0.08139563449459083,0.0,0.5785538632084224,-0.7423064938122034,1.0,0.951154803923808,-0.40062616324371075,1.0,0.8472164072174715,-0.7495716918605863,0.0,0.967867867296343,-0.4924130068550614,0.0,0.8834467528030913,1.044897887095564,1.0,0.007294547033666943,-0.28356808557020247,0.0,0.7601016839099706,-0.009003115248983663,0.0,0.5096914777479429,0.11282568170002019,0.0,0.3960505316539674,1.1248760263610478,0.0,0.007551741158819292,0.6386110747120106,0.0,0.05387051384133712,0.5337553765252229,0.0,0.11795840534506363,0.7214811729662928,0.0,0.04235332924324797,-0.13314462372052366,0.0,0.6533357491289782,0.3882247768555138,0.0,0.15887083706036131,0.517759396830145,0.0,0.12353417851374726,-0.1017158373891596,0.0,0.5991406893756624,0.4002454082509082,1.0,0.17507975333805992,0.6491329669952393
LOCO-W,500,-0.18481623639970163,0.0,0.7265296497503214,0.13504383761804079,0.0,0.32969370293592926,-0.004986528292907213,0.0,0.506450405924647,-0.23241876566007438,0.0,0.7642578485092674,0.3046352078073215,0.0,0.16665759813903702,0.35668467252113256,0.0,0.12340328163129133,-0.1822705147703853,1.0,0.7046373068274792,0.7573459614339859,1.0,0.01312408513867569,0.36292093975124823,0.0,0.1252294881872409,-0.42606402734976323,0.0,0.9298518410718394,0.45549121817692506,0.0,0.07011862428079751,0.573413066358433,1.0,0.043009288543025326,-0.050643421535168424,0.0,0.5624450993362442,-0.15230804801256353,0.0,0.6841797931675477,-0.20752830838512568,1.0,0.7397707728286682,0.08413062640742376,0.0,0.3928600713757745,0.19745531853341938,0.0,0.25071963412203646,-0.6839969629620426,0.0,0.9885502675411484,0.3315738832208407,0.0,0.14429304697181433,0.272806010854737,0.0,0.1920737367502453,0.5963766574859619
LOCO-W,1000,-0.0522512039172695,0.0,0.6173946896079393,0.04192758978648297,1.0,0.4091294310497282,0.5182322304504757,1.0,0.0020457482347724376,0.3626650174829756,0.0,0.01840904244240038,-0.21884995485624598,0.0,0.8989990154876049,-0.08727313617310994,0.0,0.6914366077569436,0.12562698865411062,0.0,0.2284638908661043,-0.07017329506458898,0.0,0.6625963875013726,0.12066183502653804,0.0,0.23866371631097594,0.08765660463293125,0.0,0.2990903565258237,0.022574568759323194,0.0,0.44637372933914765,0.26372214758698503,0.0,0.06452840719913433,0.49957262294966853,1.0,0.0031094674206034734,-0.31730754663742816,0.0,0.9642304158033761,-0.053470662592814015,0.0,0.6239690312843345,0.25377243121906534,0.0,0.07029721360961438,0.05864561010342001,0.0,0.36326458181302934,-0.24352591132912524,0.0,0.9214390256996046,0.2354396307567849,0.0,0.09063732640565692,0.21612925621868587,1.0,0.11456776506191335,0.6113271713256836
CPI,200,0.0,0.0,0.5,0.0,0.0,0.5,0.0,0.0,0.5,-0.010477800589970165,1.0,0.5267986506463582,0.22908299809027444,1.0,0.1267051795264385,0.0,0.0,0.5,0.031392354124273325,0.0,0.4282650559967444,-0.061664447095909014,1.0,0.621539712273326,0.0,0.0,0.5,0.0,0.0,0.5,-0.0002444243276551461,0.0,0.5005837509967892,0.0,0.0,0.5,0.0,0.0,0.5,0.0,0.0,0.5,0.0,0.0,0.5,0.0,0.0,0.5,0.0,0.0,0.5,0.0,0.0,0.5,0.0,0.0,0.5,0.4483540692268799,1.0,0.013278064268976384,6.993114709854126
CPI,500,0.0,0.0,0.5,0.0,0.0,0.5,0.0,0.0,0.5,0.0,0.0,0.5,0.0,0.0,0.5,0.0,0.0,0.5,0.16572522035809356,1.0,0.08401507844315753,0.3586588461591903,1.0,0.0041643386595611375,0.0,0.0,0.5,0.0,0.0,0.5,-4.260274679368514e-06,0.0,0.5000157132155869,0.27969810503479187,1.0,0.019613653281871545,0.0,0.0,0.5,-0.009448821791371298,0.0,0.5353182325982087,0.2826641506510471,1.0,0.021743645647264703,0.0007662487196067325,0.0,0.49714059312189773,0.0,0.0,0.5,-0.002671111965167894,0.0,0.5099216254944507,0.0,0.0,0.5,0.0,0.0,0.5,1.4330971240997314
CPI,1000,-0.0023546654564400304,0.0,0.5130878882467655,0.37375711333352757,1.0,0.0004538161533886921,0.11790440364631838,1.0,0.06681888964986556,-0.0020653817106749406,0.0,0.5114208294893545,-6.812951313106552e-05,0.0,0.5003775431479844,0.00023530360510992665,0.0,0.49869717078402004,0.0,0.0,0.5,0.0,0.0,0.5,5.130192350921714e-05,0.0,0.4997160963605337,0.000607693943910137,0.0,0.4966383324907116,5.2826105753855934e-05,0.0,0.49970744572751585,0.0,0.0,0.5,0.21714686990296372,1.0,0.008867187114258133,0.0,0.0,0.5,0.0,0.0,0.5,0.0,0.0,0.5,0.0004210601274089454,0.0,0.4976648515119228,0.0,0.0,0.5,0.0010314523717006585,0.0,0.494306349424356,0.3232331994917461,1.0,0.00021577751640035906,2.0839803218841553
CPI_sqrt,200,0.0,0.0,0.5,0.0,0.0,0.5,0.0,0.0,0.5,-0.010477800589970165,1.0,0.5076603686544646,0.22908299809027444,1.0,0.3489920995215293,0.0,0.0,0.5,0.031392354124273325,0.0,0.4777831172571129,-0.061664447095909014,1.0,0.5416907217697242,0.0,0.0,0.5,0.0,0.0,0.5,-0.0002444243276551461,0.0,0.5001751223878562,0.0,0.0,0.5,0.0,0.0,0.5,0.0,0.0,0.5,0.0,0.0,0.5,0.0,0.0,0.5,0.0,0.0,0.5,0.0,0.0,0.5,0.0,0.0,0.5,0.4483540692268799,1.0,0.2243880582026322,7.235722780227661
CPI_sqrt,500,0.0,0.0,0.5,0.0,0.0,0.5,0.0,0.0,0.5,0.0,0.0,0.5,0.0,0.0,0.5,0.0,0.0,0.5,0.16572522035809356,1.0,0.3277115520890652,0.3586588461591903,1.0,0.17708589726275864,0.0,0.0,0.5,0.0,0.0,0.5,-4.260274679368514e-06,0.0,0.5000047299463471,0.27969810503479187,1.0,0.2348194356574264,0.0,0.0,0.5,-0.009448821791371298,0.0,0.5105354032704512,0.2826641506510471,1.0,0.2349571279404687,0.0007662487196067325,0.0,0.49914628738408234,0.0,0.0,0.5,-0.002671111965167894,0.0,0.5029719392404933,0.0,0.0,0.5,0.0,0.0,0.5,1.1851685047149658
CPI_sqrt,1000,-0.0023546654564400304,0.0,0.5040909181429533,0.37375711333352757,1.0,0.08353932369313388,0.11790440364631838,1.0,0.3090274904008695,-0.0020653817106749406,0.0,0.5035824950649386,-6.812951313106552e-05,0.0,0.500118249836424,0.00023530360510992665,0.0,0.49959170193339814,0.0,0.0,0.5,0.0,0.0,0.5,5.130192350921714e-05,0.0,0.49991099533420214,0.000607693943910137,0.0,0.4989458252134157,5.2826105753855934e-05,0.0,0.4999083297985091,0.0,0.0,0.5,0.21714686990296372,1.0,0.19200244497411728,0.0,0.0,0.5,0.0,0.0,0.5,0.0,0.0,0.5,0.0004210601274089454,0.0,0.4992690021938184,0.0,0.0,0.5,0.0010314523717006585,0.0,0.4982119169938107,0.3232331994917461,1.0,0.09773697387904384,2.1461284160614014
CPI_n,200,0.0,0.0,0.5,0.0,0.0,0.5,0.0,0.0,0.5,-0.010477800589970165,1.0,0.5202648359355926,0.22908299809027444,1.0,0.18060881810336493,0.0,0.0,0.5,0.031392354124273325,0.0,0.4442622573490281,-0.061664447095909014,1.0,0.5975889513644032,0.0,0.0,0.5,0.0,0.0,0.5,-0.0002444243276551461,0.0,0.5004486116181327,0.0,0.0,0.5,0.0,0.0,0.5,0.0,0.0,0.5,0.0,0.0,0.5,0.0,0.0,0.5,0.0,0.0,0.5,0.0,0.0,0.5,0.0,0.0,0.5,0.4483540692268799,1.0,0.037874146258813295,7.070196866989136
CPI_n,500,0.0,0.0,0.5,0.0,0.0,0.5,0.0,0.0,0.5,0.0,0.0,0.5,0.0,0.0,0.5,0.0,0.0,0.5,0.16572522035809356,1.0,0.1194651161637813,0.3586588461591903,1.0,0.01093599533888335,0.0,0.0,0.5,0.0,0.0,0.5,-4.260274679368514e-06,0.0,0.5000132088642187,0.27969810503479187,1.0,0.036643345265685405,0.0,0.0,0.5,-0.009448821791371298,0.0,0.5296310932885953,0.2826641506510471,1.0,0.039115634030106115,0.0007662487196067325,0.0,0.4976008166631349,0.0,0.0,0.5,-0.002671111965167894,0.0,0.508331047208912,0.0,0.0,0.5,0.0,0.0,0.5,1.2266380786895752
CPI_n,1000,-0.0023546654564400304,0.0,0.5116134357625203,0.37375711333352757,1.0,0.0010725217787693562,0.11790440364631838,1.0,0.08946223340195464,-0.0020653817106749406,0.0,0.5101400258633054,-6.812951313106552e-05,0.0,0.500335117610609,0.00023530360510992665,0.0,0.49884346162055443,0.0,0.0,0.5,0.0,0.0,0.5,5.130192350921714e-05,0.0,0.4997479606657721,0.000607693943910137,0.0,0.4970155011149719,5.2826105753855934e-05,0.0,0.4997403024686812,0.0,0.0,0.5,0.21714686990296372,1.0,0.01552218273147933,0.0,0.0,0.5,0.0,0.0,0.5,0.0,0.0,0.5,0.0004210601274089454,0.0,0.4979274391757125,0.0,0.0,0.5,0.0010314523717006585,0.0,0.4949439370271936,0.3232331994917461,1.0,0.0006819688473687741,2.1353492736816406
CPI_bt,200,0.0,0.0,0.5,0.0,0.0,0.5,0.0,0.0,0.5,-0.010477800589970165,1.0,0.5560450511931704,0.22908299809027444,1.0,0.006983011400650379,0.0,0.0,0.5,0.031392354124273325,0.0,0.3653724406850932,-0.061664447095909014,1.0,0.7370700197437976,0.0,0.0,0.5,0.0,0.0,0.5,-0.0002444243276551461,0.0,0.5012879978730348,0.0,0.0,0.5,0.0,0.0,0.5,0.0,0.0,0.5,0.0,0.0,0.5,0.0,0.0,0.5,0.0,0.0,0.5,0.0,0.0,0.5,0.0,0.0,0.5,0.4483540692268799,1.0,2.2197424798518837e-09,7.051529407501221
CPI_bt,500,0.0,0.0,0.5,0.0,0.0,0.5,0.0,0.0,0.5,0.0,0.0,0.5,0.0,0.0,0.5,0.0,0.0,0.5,0.16572522035809356,1.0,9.709905056909755e-07,0.3586588461591903,1.0,3.158617899173552e-21,0.0,0.0,0.5,0.0,0.0,0.5,-4.260274679368514e-06,0.0,0.5000528009742479,0.27969810503479187,1.0,2.551110923392364e-13,0.0,0.0,0.5,-0.009448821791371298,0.0,0.616748480760358,0.2826641506510471,1.0,6.892568521037006e-13,0.0007662487196067325,0.0,0.49008819387008046,0.0,0.0,0.5,-0.002671111965167894,0.0,0.5342730678287171,0.0,0.0,0.5,0.0,0.0,0.5,1.2932374477386475
CPI_bt,1000,-0.0023546654564400304,0.0,0.5694808600648479,0.37375711333352757,1.0,7.434220728668218e-59,0.11790440364631838,1.0,4.861073953936837e-16,-0.0020653817106749406,0.0,0.5595582105392043,-6.812951313106552e-05,0.0,0.501881940860056,0.00023530360510992665,0.0,0.49343107131867,0.0,0.0,0.5,0.0,0.0,0.5,5.130192350921714e-05,0.0,0.498654008566642,0.000607693943910137,0.0,0.48277779322081893,5.2826105753855934e-05,0.0,0.4984963263016162,0.0,0.0,0.5,0.21714686990296372,1.0,6.602654830761305e-39,0.0,0.0,0.5,0.0,0.0,0.5,0.0,0.0,0.5,0.0004210601274089454,0.0,0.48808525689803334,0.0,0.0,0.5,0.0010314523717006585,0.0,0.4702489248217197,0.3232331994917461,1.0,7.449952098936804e-84,2.3920555114746094
R-CPI,200,4.037174635000569e-16,0.0,0.49999999999999944,4.037174635000569e-16,0.0,0.49999999999999944,4.037174635000569e-16,0.0,0.49999999999999944,0.06306472728005431,1.0,0.412683981598794,-0.07477217496417055,1.0,0.5940297109928878,4.037174635000569e-16,0.0,0.49999999999999944,0.03289770849173923,0.0,0.45699132312499097,-0.17887068069119963,1.0,0.6937215133439136,4.037174635000569e-16,0.0,0.49999999999999944,4.037174635000569e-16,0.0,0.49999999999999944,0.00038023957133189026,0.0,0.4994998429467307,4.037174635000569e-16,0.0,0.49999999999999944,4.037174635000569e-16,0.0,0.49999999999999944,4.037174635000569e-16,0.0,0.49999999999999944,4.037174635000569e-16,0.0,0.49999999999999944,4.037174635000569e-16,0.0,0.49999999999999944,4.037174635000569e-16,0.0,0.49999999999999944,4.037174635000569e-16,0.0,0.49999999999999944,4.037174635000569e-16,0.0,0.49999999999999944,0.24726108252807855,1.0,0.19665586197013846,7.064752101898193
R-CPI,500,-4.037174635000569e-16,0.0,0.5000000000000008,-4.037174635000569e-16,0.0,0.5000000000000008,-4.037174635000569e-16,0.0,0.5000000000000008,-4.037174635000569e-16,0.0,0.5000000000000008,-4.037174635000569e-16,0.0,0.5000000000000008,-4.037174635000569e-16,0.0,0.5000000000000008,0.2985750814226013,1.0,0.08779335923496284,0.24346725169375052,1.0,0.11770451666055876,-4.037174635000569e-16,0.0,0.5000000000000008,-4.037174635000569e-16,0.0,0.5000000000000008,-0.00461129521030168,0.0,0.5093626823237706,0.30896819435875755,1.0,0.07397037125965496,-4.037174635000569e-16,0.0,0.5000000000000008,-0.003261674760091295,0.0,0.506651557345114,0.31749687300251467,1.0,0.0845918471055242,-0.006822583198936683,0.0,0.5139765763834458,-4.037174635000569e-16,0.0,0.5000000000000008,-0.0024151317240856344,0.0,0.5049247216718445,-4.037174635000569e-16,0.0,0.5000000000000008,-4.037174635000569e-16,0.0,0.5000000000000008,1.2652981281280518
R-CPI,1000,-0.006411385535196601,0.0,0.519594262928211,0.39472815347270057,1.0,0.008851884512399665,0.16614730529327099,1.0,0.12008267876167622,-0.005168213097258062,0.0,0.5157587174812173,-0.0002643337646199032,0.0,0.5008068535607374,0.00023067804895864958,0.0,0.4992977775793985,4.037174635000569e-16,0.0,0.4999999999999988,4.037174635000569e-16,0.0,0.4999999999999988,0.0020009391576132755,0.0,0.49393828649196436,-6.591868371354857e-06,0.0,0.5000200912190184,0.00014585416201473578,0.0,0.4995558929977326,4.037174635000569e-16,0.0,0.4999999999999988,0.23664249954658112,1.0,0.06506302853864232,4.037174635000569e-16,0.0,0.4999999999999988,4.037174635000569e-16,0.0,0.4999999999999988,4.037174635000569e-16,0.0,0.4999999999999988,0.004710411057110463,0.0,0.4856726841666951,4.037174635000569e-16,0.0,0.4999999999999988,0.0008654690682854203,0.0,0.49736908931032664,0.32122456098235747,1.0,0.015075020591269065,2.0823867321014404
R-CPI_sqrt,200,4.037174635000569e-16,0.0,0.4999999999999998,4.037174635000569e-16,0.0,0.4999999999999998,4.037174635000569e-16,0.0,0.4999999999999998,0.06306472728005431,1.0,0.46281388304484256,-0.07477217496417055,1.0,0.5422896215628916,4.037174635000569e-16,0.0,0.4999999999999998,0.03289770849173923,0.0,0.48110517360953586,-0.17887068069119963,1.0,0.5951250971295469,4.037174635000569e-16,0.0,0.4999999999999998,4.037174635000569e-16,0.0,0.4999999999999998,0.00038023957133189026,0.0,0.49978112701549987,4.037174635000569e-16,0.0,0.4999999999999998,4.037174635000569e-16,0.0,0.4999999999999998,4.037174635000569e-16,0.0,0.4999999999999998,4.037174635000569e-16,0.0,0.4999999999999998,4.037174635000569e-16,0.0,0.4999999999999998,4.037174635000569e-16,0.0,0.4999999999999998,4.037174635000569e-16,0.0,0.4999999999999998,4.037174635000569e-16,0.0,0.4999999999999998,0.24726108252807855,1.0,0.3579581593898389,7.077970027923584
R-CPI_sqrt,500,-4.037174635000569e-16,0.0,0.5000000000000003,-4.037174635000569e-16,0.0,0.5000000000000003,-4.037174635000569e-16,0.0,0.5000000000000003,-4.037174635000569e-16,0.0,0.5000000000000003,-4.037174635000569e-16,0.0,0.5000000000000003,-4.037174635000569e-16,0.0,0.5000000000000003,0.2985750814226013,1.0,0.2633312034822878,0.24346725169375052,1.0,0.29684245053996217,-4.037174635000569e-16,0.0,0.5000000000000003,-4.037174635000569e-16,0.0,0.5000000000000003,-0.00461129521030168,0.0,0.5041096363509142,0.30896819435875755,1.0,0.2530695963633488,-4.037174635000569e-16,0.0,0.5000000000000003,-0.003261674760091295,0.0,0.5029124033752455,0.31749687300251467,1.0,0.2550855538678712,-0.006822583198936683,0.0,0.5061043266719507,-4.037174635000569e-16,0.0,0.5000000000000003,-0.0024151317240856344,0.0,0.5021564090546667,-4.037174635000569e-16,0.0,0.5000000000000003,-4.037174635000569e-16,0.0,0.5000000000000003,1.3792669773101807
R-CPI_sqrt,1000,-0.006411385535196601,0.0,0.5088698480757687,0.39472815347270057,1.0,0.11176104360408423,0.16614730529327099,1.0,0.2894142628959072,-0.005168213097258062,0.0,0.5071422992698817,-0.0002643337646199032,0.0,0.5003654529658638,0.00023067804895864958,0.0,0.499681467964285,4.037174635000569e-16,0.0,0.49999999999999944,4.037174635000569e-16,0.0,0.49999999999999944,0.0020009391576132755,0.0,0.4972430565916908,-6.591868371354857e-06,0.0,0.500009107419685,0.00014585416201473578,0.0,0.49979857602269456,4.037174635000569e-16,0.0,0.49999999999999944,0.23664249954658112,1.0,0.22567918926602976,4.037174635000569e-16,0.0,0.49999999999999944,4.037174635000569e-16,0.0,0.49999999999999944,4.037174635000569e-16,0.0,0.49999999999999944,0.004710411057110463,0.0,0.4934977400722658,4.037174635000569e-16,0.0,0.49999999999999944,0.0008654690682854203,0.0,0.4988056803931841,0.32122456098235747,1.0,0.146929632833445,2.069861888885498
R-CPI_n,200,4.037174635000569e-16,0.0,0.49999999999999956,4.037174635000569e-16,0.0,0.49999999999999956,4.037174635000569e-16,0.0,0.49999999999999956,0.06306472728005431,1.0,0.425589032191158,-0.07477217496417055,1.0,0.5812474352196813,4.037174635000569e-16,0.0,0.49999999999999956,0.03289770849173923,0.0,0.46307076020394944,-0.17887068069119963,1.0,0.6712164611844317,4.037174635000569e-16,0.0,0.49999999999999956,4.037174635000569e-16,0.0,0.49999999999999956,0.00038023957133189026,0.0,0.49957101639356094,4.037174635000569e-16,0.0,0.49999999999999956,4.037174635000569e-16,0.0,0.49999999999999956,4.037174635000569e-16,0.0,0.49999999999999956,4.037174635000569e-16,0.0,0.49999999999999956,4.037174635000569e-16,0.0,0.49999999999999956,4.037174635000569e-16,0.0,0.49999999999999956,4.037174635000569e-16,0.0,0.49999999999999956,4.037174635000569e-16,0.0,0.49999999999999956,0.24726108252807855,1.0,0.2335262846368395,7.021031141281128
R-CPI_n,500,-4.037174635000569e-16,0.0,0.5000000000000008,-4.037174635000569e-16,0.0,0.5000000000000008,-4.037174635000569e-16,0.0,0.5000000000000008,-4.037174635000569e-16,0.0,0.5000000000000008,-4.037174635000569e-16,0.0,0.5000000000000008,-4.037174635000569e-16,0.0,0.5000000000000008,0.2985750814226013,1.0,0.10763823436937942,0.24346725169375052,1.0,0.140354414726311,-4.037174635000569e-16,0.0,0.5000000000000008,-4.037174635000569e-16,0.0,0.5000000000000008,-0.00461129521030168,0.0,0.5084779084425651,0.30896819435875755,1.0,0.09340531038971273,-4.037174635000569e-16,0.0,0.5000000000000008,-0.003261674760091295,0.0,0.5060204598526424,0.31749687300251467,1.0,0.10334829404300722,-0.006822583198936683,0.0,0.5126452035695004,-4.037174635000569e-16,0.0,0.5000000000000008,-0.0024151317240856344,0.0,0.5044574984669912,-4.037174635000569e-16,0.0,0.5000000000000008,-4.037174635000569e-16,0.0,0.5000000000000008,1.4152283668518066
R-CPI_n,1000,-0.006411385535196601,0.0,0.5183159368856022,0.39472815347270057,1.0,0.012268437676484634,0.16614730529327099,1.0,0.1349103844689914,-0.005168213097258062,0.0,0.514732697275812,-0.0002643337646199032,0.0,0.5007542566993133,0.00023067804895864958,0.0,0.4993434382850045,4.037174635000569e-16,0.0,0.49999999999999883,4.037174635000569e-16,0.0,0.49999999999999883,0.0020009391576132755,0.0,0.4943306410468766,-6.591868371354857e-06,0.0,0.5000187833347641,0.00014585416201473578,0.0,0.4995847764772581,4.037174635000569e-16,0.0,0.49999999999999883,0.23664249954658112,1.0,0.07632547917897875,4.037174635000569e-16,0.0,0.49999999999999883,4.037174635000569e-16,0.0,0.49999999999999883,4.037174635000569e-16,0.0,0.49999999999999883,0.004710411057110463,0.0,0.4866033900317576,4.037174635000569e-16,0.0,0.49999999999999883,0.0008654690682854203,0.0,0.4975399324318762,0.32122456098235747,1.0,0.020552430858878926,2.0631942749023438
R-CPI_bt,200,4.037174635000569e-16,0.0,0.499999999999999,4.037174635000569e-16,0.0,0.49999999999999906,4.037174635000569e-16,0.0,0.49999999999999883,0.06306472728005431,1.0,0.34134662725559506,-0.07477217496417055,1.0,0.6928375877340909,4.037174635000569e-16,0.0,0.49999999999999867,0.03289770849173923,0.0,0.40881222673283607,-0.17887068069119963,1.0,0.8240971417930287,4.037174635000569e-16,0.0,0.499999999999999,4.037174635000569e-16,0.0,0.49999999999999895,0.00038023957133189026,0.0,0.49881731337124524,4.037174635000569e-16,0.0,0.499999999999999,4.037174635000569e-16,0.0,0.49999999999999883,4.037174635000569e-16,0.0,0.49999999999999883,4.037174635000569e-16,0.0,0.4999999999999989,4.037174635000569e-16,0.0,0.49999999999999883,4.037174635000569e-16,0.0,0.4999999999999989,4.037174635000569e-16,0.0,0.4999999999999989,4.037174635000569e-16,0.0,0.4999999999999988,0.24726108252807855,1.0,0.03404836272603665,6.928247690200806
R-CPI_bt,500,-4.037174635000569e-16,0.0,0.5000000000000027,-4.037174635000569e-16,0.0,0.5000000000000027,-4.037174635000569e-16,0.0,0.500000000000003,-4.037174635000569e-16,0.0,0.500000000000003,-4.037174635000569e-16,0.0,0.5000000000000026,-4.037174635000569e-16,0.0,0.5000000000000027,0.2985750814226013,1.0,0.00022750468788033747,0.24346725169375052,1.0,3.0948248210560885e-06,-4.037174635000569e-16,0.0,0.5000000000000028,-4.037174635000569e-16,0.0,0.5000000000000028,-0.00461129521030168,0.0,0.5340279883913525,0.30896819435875755,1.0,3.2151186145642243e-07,-4.037174635000569e-16,0.0,0.5000000000000027,-0.003261674760091295,0.0,0.5218564104968528,0.31749687300251467,1.0,8.627297868454361e-06,-0.006822583198936683,0.0,0.5460906384706627,-4.037174635000569e-16,0.0,0.5000000000000027,-0.0024151317240856344,0.0,0.5174608072345731,-4.037174635000569e-16,0.0,0.5000000000000027,-4.037174635000569e-16,0.0,0.5000000000000028,1.4982020854949951
R-CPI_bt,1000,-0.006411385535196601,0.0,0.6016744220867032,0.39472815347270057,1.0,1.6435845455960818e-31,0.16614730529327099,1.0,9.115683802813817e-10,-0.005168213097258062,0.0,0.5898626290406164,-0.0002643337646199032,0.0,0.5038181670072059,0.00023067804895864958,0.0,0.4964991243919907,4.037174635000569e-16,0.0,0.4999999999999939,4.037174635000569e-16,0.0,0.49999999999999356,0.0020009391576132755,0.0,0.46900824075635117,-6.591868371354857e-06,0.0,0.5000962095859166,0.00014585416201473578,0.0,0.4976732946585518,4.037174635000569e-16,0.0,0.49999999999999395,0.23664249954658112,1.0,1.4743590734830303e-14,4.037174635000569e-16,0.0,0.49999999999999395,4.037174635000569e-16,0.0,0.4999999999999938,4.037174635000569e-16,0.0,0.4999999999999937,0.004710411057110463,0.0,0.43214402643539185,4.037174635000569e-16,0.0,0.4999999999999942,0.0008654690682854203,0.0,0.48686439675873266,0.32122456098235747,1.0,1.4626336875226577e-27,2.3498265743255615
R-CPI2,200,8.7938457396052e-16,0.0,0.49999999999999895,8.7938457396052e-16,0.0,0.49999999999999895,8.7938457396052e-16,0.0,0.49999999999999895,0.13309708935974815,1.0,0.34337097584480825,-0.10714243888475186,1.0,0.630685081874017,8.7938457396052e-16,0.0,0.49999999999999895,0.03230630279159124,0.0,0.46110276275225787,-0.09130818171952816,1.0,0.587604925330526,8.7938457396052e-16,0.0,0.49999999999999895,8.7938457396052e-16,0.0,0.49999999999999895,0.0026605425043354975,0.0,0.4967936741717534,8.7938457396052e-16,0.0,0.49999999999999895,8.7938457396052e-16,0.0,0.49999999999999895,8.7938457396052e-16,0.0,0.49999999999999895,8.7938457396052e-16,0.0,0.49999999999999895,8.7938457396052e-16,0.0,0.49999999999999895,8.7938457396052e-16,0.0,0.49999999999999895,8.7938457396052e-16,0.0,0.49999999999999895,8.7938457396052e-16,0.0,0.49999999999999895,0.2682769360497742,1.0,0.19983466519725313,7.019462585449219
R-CPI2,500,0.0,0.0,0.5,0.0,0.0,0.5,0.0,0.0,0.5,0.0,0.0,0.5,0.0,0.0,0.5,0.0,0.0,0.5,0.2729864096600421,1.0,0.1254497978621983,0.24943732619893969,1.0,0.13493594583845497,0.0,0.0,0.5,0.0,0.0,0.5,-0.0035267670856072558,0.0,0.5065671146122736,0.2875692882746912,1.0,0.10941838979049567,0.0,0.0,0.5,-0.0006576177377418745,0.0,0.5012308302031376,0.3019150121776591,1.0,0.1157906914863539,-0.007049255516807938,0.0,0.5132570226295535,0.0,0.0,0.5,-0.0016371513162252139,0.0,0.5030665682508904,0.0,0.0,0.5,0.0,0.0,0.5,1.458749771118164
R-CPI2,1000,-0.005725644746842263,0.0,0.5160488779286722,0.35782859536072636,1.0,0.01896599658821763,0.17988229562257038,1.0,0.12167353870139752,-0.004932824865774321,0.0,0.5138107836687572,-0.0008316250250562807,0.0,0.5023308510034368,0.0002312544947531458,0.0,0.49935360966363374,4.3969228698026e-16,0.0,0.4999999999999988,4.3969228698026e-16,0.0,0.4999999999999988,0.0008490157402904953,0.0,0.49763315887894166,0.00012360365846749523,0.0,0.4996541327600365,0.00020693517403310636,0.0,0.4994214473947601,4.3969228698026e-16,0.0,0.4999999999999988,0.2536779824431605,1.0,0.06377261720882954,4.3969228698026e-16,0.0,0.4999999999999988,4.3969228698026e-16,0.0,0.4999999999999988,4.3969228698026e-16,0.0,0.4999999999999988,0.004031851830271496,0.0,0.4887323510259186,4.3969228698026e-16,0.0,0.4999999999999988,0.0005563913667913013,0.0,0.49844658545559284,0.3500688657854627,1.0,0.016846478200658183,2.469034194946289
R-CPI2_sqrt,200,8.7938457396052e-16,0.0,0.4999999999999995,8.7938457396052e-16,0.0,0.4999999999999995,8.7938457396052e-16,0.0,0.4999999999999995,0.13309708935974815,1.0,0.4266515480905492,-0.10714243888475186,1.0,0.5599009605096802,8.7938457396052e-16,0.0,0.4999999999999995,0.03230630279159124,0.0,0.4821202273312676,-0.09130818171952816,1.0,0.5453100922039794,8.7938457396052e-16,0.0,0.4999999999999995,8.7938457396052e-16,0.0,0.4999999999999995,0.0026605425043354975,0.0,0.49852747997747326,8.7938457396052e-16,0.0,0.4999999999999995,8.7938457396052e-16,0.0,0.4999999999999995,8.7938457396052e-16,0.0,0.4999999999999995,8.7938457396052e-16,0.0,0.4999999999999995,8.7938457396052e-16,0.0,0.4999999999999995,8.7938457396052e-16,0.0,0.4999999999999995,8.7938457396052e-16,0.0,0.4999999999999995,8.7938457396052e-16,0.0,0.4999999999999995,0.2682769360497742,1.0,0.3524350896957045,7.004313707351685
R-CPI2_sqrt,500,0.0,0.0,0.5,0.0,0.0,0.5,0.0,0.0,0.5,0.0,0.0,0.5,0.0,0.0,0.5,0.0,0.0,0.5,0.2729864096600421,1.0,0.2883052410028719,0.24943732619893969,1.0,0.3006014906944766,0.0,0.0,0.5,0.0,0.0,0.5,-0.0035267670856072558,0.0,0.5030231235015655,0.2875692882746912,1.0,0.27662807360678093,0.0,0.0,0.5,-0.0006576177377418745,0.0,0.5005650301120806,0.3019150121776591,1.0,0.2743911855294983,-0.007049255516807938,0.0,0.5060703503651003,0.0,0.0,0.5,-0.0016371513162252139,0.0,0.5014071599398282,0.0,0.0,0.5,0.0,0.0,0.5,1.2549936771392822
R-CPI2_sqrt,1000,-0.005725644746842263,0.0,0.5076097775904036,0.35782859536072636,1.0,0.13929702512060926,0.17988229562257038,1.0,0.28215097911444986,-0.004932824865774321,0.0,0.5065523887691402,-0.0008316250250562807,0.0,0.5011051741447906,0.0002312544947531458,0.0,0.499693075330846,4.3969228698026e-16,0.0,0.4999999999999994,4.3969228698026e-16,0.0,0.4999999999999994,0.0008490157402904953,0.0,0.4988745896912389,0.00012360365846749523,0.0,0.4998358663455255,0.00020693517403310636,0.0,0.4997253211403602,4.3969228698026e-16,0.0,0.4999999999999994,0.2536779824431605,1.0,0.21706053785229096,4.3969228698026e-16,0.0,0.4999999999999994,4.3969228698026e-16,0.0,0.4999999999999994,4.3969228698026e-16,0.0,0.4999999999999994,0.004031851830271496,0.0,0.4946491290392372,4.3969228698026e-16,0.0,0.4999999999999994,0.0005563913667913013,0.0,0.4992619499141358,0.3500688657854627,1.0,0.138999529153494,2.1069796085357666
R-CPI2_n,200,8.7938457396052e-16,0.0,0.49999999999999906,8.7938457396052e-16,0.0,0.49999999999999906,8.7938457396052e-16,0.0,0.49999999999999906,0.13309708935974815,1.0,0.36319643056101264,-0.10714243888475186,1.0,0.6135040955479607,8.7938457396052e-16,0.0,0.49999999999999906,0.03230630279159124,0.0,0.4662249555895492,-0.09130818171952816,1.0,0.5782093088311187,8.7938457396052e-16,0.0,0.49999999999999906,8.7938457396052e-16,0.0,0.49999999999999906,0.0026605425043354975,0.0,0.49721674637387964,8.7938457396052e-16,0.0,0.49999999999999906,8.7938457396052e-16,0.0,0.49999999999999906,8.7938457396052e-16,0.0,0.49999999999999906,8.7938457396052e-16,0.0,0.49999999999999906,8.7938457396052e-16,0.0,0.49999999999999906,8.7938457396052e-16,0.0,0.49999999999999906,8.7938457396052e-16,0.0,0.49999999999999906,8.7938457396052e-16,0.0,0.49999999999999906,0.2682769360497742,1.0,0.23351584180765328,7.289011240005493
R-CPI2_n,500,0.0,0.0,0.5,0.0,0.0,0.5,0.0,0.0,0.5,0.0,0.0,0.5,0.0,0.0,0.5,0.0,0.0,0.5,0.2729864096600421,1.0,0.1452563838580701,0.24943732619893969,1.0,0.15586624374422153,0.0,0.0,0.5,0.0,0.0,0.5,-0.0035267670856072558,0.0,0.5059934487241169,0.2875692882746912,1.0,0.1291337492678632,0.0,0.0,0.5,-0.0006576177377418745,0.0,0.5011228037380528,0.3019150121776591,1.0,0.1342784405076889,-0.007049255516807938,0.0,0.512088579903673,0.0,0.0,0.5,-0.0016371513162252139,0.0,0.5027972343152864,0.0,0.0,0.5,0.0,0.0,0.5,1.4483718872070312
R-CPI2_n,1000,-0.005725644746842263,0.0,0.515083262395202,0.35782859536072636,1.0,0.02434074657224828,0.17988229562257038,1.0,0.13532903439028082,-0.004932824865774321,0.0,0.512980670994451,-0.0008316250250562807,0.0,0.5021905876775105,0.0002312544947531458,0.0,0.49939240819215586,4.3969228698026e-16,0.0,0.49999999999999883,4.3969228698026e-16,0.0,0.49999999999999883,0.0008490157402904953,0.0,0.49777487039132057,0.00012360365846749523,0.0,0.49967491416697746,0.00020693517403310636,0.0,0.49945618188393087,4.3969228698026e-16,0.0,0.49999999999999883,0.2536779824431605,1.0,0.07426320495483962,4.3969228698026e-16,0.0,0.49999999999999883,4.3969228698026e-16,0.0,0.49999999999999883,4.3969228698026e-16,0.0,0.49999999999999883,0.004031851830271496,0.0,0.4894084829934768,4.3969228698026e-16,0.0,0.49999999999999883,0.0005563913667913013,0.0,0.49853972607756597,0.3500688657854627,1.0,0.02208591392567691,2.1243505477905273
R-CPI2_bt,200,8.7938457396052e-16,0.0,0.4999999999999972,8.7938457396052e-16,0.0,0.49999999999999795,8.7938457396052e-16,0.0,0.49999999999999756,0.13309708935974815,1.0,0.15102051085842627,-0.10714243888475186,1.0,0.751862646793006,8.7938457396052e-16,0.0,0.499999999999998,0.03230630279159124,0.0,0.4249202879581414,-0.09130818171952816,1.0,0.6811599134757316,8.7938457396052e-16,0.0,0.49999999999999767,8.7938457396052e-16,0.0,0.4999999999999978,0.0026605425043354975,0.0,0.49158691362393164,8.7938457396052e-16,0.0,0.4999999999999978,8.7938457396052e-16,0.0,0.4999999999999975,8.7938457396052e-16,0.0,0.4999999999999976,8.7938457396052e-16,0.0,0.4999999999999976,8.7938457396052e-16,0.0,0.499999999999998,8.7938457396052e-16,0.0,0.4999999999999977,8.7938457396052e-16,0.0,0.49999999999999756,8.7938457396052e-16,0.0,0.49999999999999784,0.2682769360497742,1.0,0.032857379815909964,7.0821213722229
R-CPI2_bt,500,0.0,0.0,0.5,0.0,0.0,0.5,0.0,0.0,0.5,0.0,0.0,0.5,0.0,0.0,0.5,0.0,0.0,0.5,0.2729864096600421,1.0,7.55983037812718e-05,0.24943732619893969,1.0,0.0001519666417559164,0.0,0.0,0.5,0.0,0.0,0.5,-0.0035267670856072558,0.0,0.519302124903337,0.2875692882746912,1.0,9.392493119607394e-06,0.0,0.0,0.5,-0.0006576177377418745,0.0,0.5039788311629113,0.3019150121776591,1.0,8.561366024148893e-05,-0.007049255516807938,0.0,0.5377439268058366,0.0,0.0,0.5,-0.0016371513162252139,0.0,0.5089244623074001,0.0,0.0,0.5,0.0,0.0,0.5,1.7905237674713135
R-CPI2_bt,1000,-0.005725644746842263,0.0,0.5795625968812256,0.35782859536072636,1.0,3.8137050401873085e-22,0.17988229562257038,1.0,2.7596116048999188e-09,-0.004932824865774321,0.0,0.5632517237618335,-0.0008316250250562807,0.0,0.5113382019307756,0.0002312544947531458,0.0,0.49681582037965916,4.3969228698026e-16,0.0,0.4999999999999936,4.3969228698026e-16,0.0,0.4999999999999945,0.0008490157402904953,0.0,0.4882223058131173,0.00012360365846749523,0.0,0.49817356564246124,0.00020693517403310636,0.0,0.4971537053182608,4.3969228698026e-16,0.0,0.49999999999999417,0.2536779824431605,1.0,7.109420938477903e-10,4.3969228698026e-16,0.0,0.49999999999999384,4.3969228698026e-16,0.0,0.4999999999999945,4.3969228698026e-16,0.0,0.49999999999999317,0.004031851830271496,0.0,0.4403651336436548,4.3969228698026e-16,0.0,0.4999999999999945,0.0005563913667913013,0.0,0.49226582962887194,0.3500688657854627,1.0,1.1387532730516297e-26,2.4046339988708496
LOCO-W,200,-0.4567281175709301,0.0,0.8475065326627897,-0.08812344604159597,0.0,0.5962914632534151,0.5635293995484356,0.0,0.0671687907338624,0.16986139878378456,0.0,0.33503787136520136,-0.11440047814278988,0.0,0.6027011241018394,-0.5845776580644055,0.0,0.9246396093509671,-0.4539122745069415,0.0,0.8431284443897342,-0.15557973244316112,0.0,0.6476110858813386,0.19144778847806346,1.0,0.3321094162203171,0.6582498136221053,0.0,0.05807378347365655,0.3731703174239025,0.0,0.19526492354665748,-0.1977697306223454,0.0,0.6946186392316684,-0.026406909675344894,0.0,0.5256989511204166,0.7506469383224887,0.0,0.031524061234969425,-0.05916755711418412,0.0,0.5545642081621673,-0.0042753544700102585,0.0,0.5042157261073517,-0.05060369845712301,1.0,0.5458739127046782,0.4815560645607111,0.0,0.13117276066893868,0.30051819122365553,1.0,0.23432508853085587,0.3205999372951909,1.0,0.2484715999097845,0.7486233711242676
LOCO-W,500,-0.17376145993465758,0.0,0.6666375275495613,0.9479866820756911,1.0,0.016568520135577636,0.32678002055968114,0.0,0.20224730762193288,-0.0016188543891111358,1.0,0.5016286363666987,0.4124576572833816,1.0,0.16519793734455002,-0.9813100319415039,0.0,0.9920458450341286,-0.33531078641614526,0.0,0.7945007558077035,-0.532840447932391,1.0,0.8964630212038582,-0.34992309318231296,0.0,0.8049163604744862,-0.6128388429671231,0.0,0.9383977971625421,0.33059638566453137,0.0,0.18849369872565558,-0.5939808102809002,0.0,0.935300794986169,1.0247052556411578,0.0,0.005673052114163912,0.77918609865076,0.0,0.02412220404546106,0.3269501218530365,0.0,0.19064462612075106,0.19014983262635446,0.0,0.3224357372759594,0.2447247351722218,0.0,0.26574735568416286,0.21556315000895904,0.0,0.30052798295982286,-0.23843020885781657,0.0,0.7266646146665733,0.1810128229231167,0.0,0.32449283204628565,0.6364669799804688
LOCO-W,1000,0.11615662202807564,0.0,0.26755064323160593,0.43493136178371283,0.0,0.009897082608843921,0.00866013166005559,0.0,0.4815115000103898,0.41612433881523175,1.0,0.015732924658454883,-0.3216922277561919,0.0,0.9629439254277716,0.18131313062515994,1.0,0.16979487946355187,-0.10702965181335121,0.0,0.7169789144859289,-0.16779460509535504,0.0,0.8155685829402757,-0.08839481478246537,0.0,0.6861980948985236,0.11148120731433672,0.0,0.27574668141614256,-0.1668297300098843,0.0,0.8380722820988156,0.2695437327681925,1.0,0.08884129110014094,-0.29121532053283095,0.0,0.9489128204735959,0.08438142105276054,0.0,0.3241974256451272,-0.14545213455876424,0.0,0.7896975672615457,0.08369830241785797,0.0,0.3281575185927448,-0.23491829729675695,0.0,0.9030127149616882,0.011192155326745118,0.0,0.4755165671631868,0.02509419942878444,0.0,0.4424875879575709,0.2587136947150829,1.0,0.10358434391825311,0.7067763805389404
CPI,200,0.0,0.0,0.5,0.0,0.0,0.5,0.0001842421127542515,0.0,0.499470294933378,0.0,0.0,0.5,0.0,0.0,0.5,0.0,0.0,0.5,0.0,0.0,0.5,0.0,0.0,0.5,0.2152786928328001,1.0,0.0867655509334272,0.0010645042926243908,0.0,0.49709876453525537,0.0,0.0,0.5,0.009771064643556704,0.0,0.47233431178082846,0.0,0.0,0.5,0.0,0.0,0.5,-0.002991467751702337,0.0,0.508493955888562,0.0,0.0,0.5,0.05166884406877137,1.0,0.3792141535086195,0.0564942067486891,0.0,0.32204651933221606,0.46614378424595393,1.0,0.0169050997372664,0.13056601620317476,1.0,0.25402117494504806,0.7810046672821045
CPI,500,0.0,0.0,0.5,0.205207308798808,1.0,0.08669308784789809,-0.00035916866039809037,0.0,0.5012258822404286,0.1031600945510236,1.0,0.19560893977297006,0.4116776362950383,1.0,0.010259041263867162,0.0,0.0,0.5,0.0022702483304946064,0.0,0.4923847828138972,0.19132714127981898,1.0,0.08829193642285543,0.0,0.0,0.5,0.0,0.0,0.5,0.0,0.0,0.5,0.0,0.0,0.5,0.0,0.0,0.5,0.0,0.0,0.5,0.0,0.0,0.5,0.0,0.0,0.5,0.0,0.0,0.5,0.0,0.0,0.5,0.0,0.0,0.5,0.0,0.0,0.5,1.2350869178771973
CPI,1000,0.0,0.0,0.5,0.0,0.0,0.5,0.0,0.0,0.5,0.21604152423766765,1.0,0.017198654024841255,-0.0017757751684500667,0.0,0.5095887130074227,0.2415481627236269,1.0,0.004071159620445413,-0.002256620759395367,0.0,0.5122113904384114,0.0,0.0,0.5,0.0,0.0,0.5,0.0,0.0,0.5,0.0,0.0,0.5,0.2065347248326328,1.0,0.020941677250914205,0.0,0.0,0.5,0.0,0.0,0.5,0.0,0.0,0.5,0.0,0.0,0.5,0.0,0.0,0.5,0.0,0.0,0.5,0.0,0.0,0.5,0.39319777999555927,1.0,8.391840789337669e-05,1.9486782550811768
CPI_sqrt,200,0.0,0.0,0.5,0.0,0.0,0.5,0.0001842421127542515,0.0,0.4998714909301577,0.0,0.0,0.5,0.0,0.0,0.5,0.0,0.0,0.5,0.0,0.0,0.5,0.0,0.0,0.5,0.2152786928328001,1.0,0.35791924074576015,0.0010645042926243908,0.0,0.4992672645343041,0.0,0.0,0.5,0.009771064643556704,0.0,0.4932090638287263,0.0,0.0,0.5,0.0,0.0,0.5,-0.002991467751702337,0.0,0.5020802436746318,0.0,0.0,0.5,0.05166884406877137,1.0,0.46575610535409406,0.0564942067486891,0.0,0.4594964423748367,0.46614378424595393,1.0,0.237605050861731,0.13056601620317476,1.0,0.4179675235046846,0.6969010829925537
CPI_sqrt,500,0.0,0.0,0.5,0.205207308798808,1.0,0.32399667790600506,-0.00035916866039809037,0.0,0.5003447518146698,0.1031600945510236,1.0,0.4027743147349949,0.4116776362950383,1.0,0.19377332530840408,0.0,0.0,0.5,0.0022702483304946064,0.0,0.4978315340333937,0.19132714127981898,1.0,0.331956927476316,0.0,0.0,0.5,0.0,0.0,0.5,0.0,0.0,0.5,0.0,0.0,0.5,0.0,0.0,0.5,0.0,0.0,0.5,0.0,0.0,0.5,0.0,0.0,0.5,0.0,0.0,0.5,0.0,0.0,0.5,0.0,0.0,0.5,0.0,0.0,0.5,1.2230277061462402
CPI_sqrt,1000,0.0,0.0,0.5,0.0,0.0,0.5,0.0,0.0,0.5,0.21604152423766765,1.0,0.21784001579618167,-0.0017757751684500667,0.0,0.5028462634890805,0.2415481627236269,1.0,0.18219508029621756,-0.002256620759395367,0.0,0.5036193301949456,0.0,0.0,0.5,0.0,0.0,0.5,0.0,0.0,0.5,0.0,0.0,0.5,0.2065347248326328,1.0,0.22756751353377352,0.0,0.0,0.5,0.0,0.0,0.5,0.0,0.0,0.5,0.0,0.0,0.5,0.0,0.0,0.5,0.0,0.0,0.5,0.0,0.0,0.5,0.39319777999555927,1.0,0.07975265813301807,1.9766106605529785
CPI_n,200,0.0,0.0,0.5,0.0,0.0,0.5,0.0001842421127542515,0.0,0.4996224587854863,0.0,0.0,0.5,0.0,0.0,0.5,0.0,0.0,0.5,0.0,0.0,0.5,0.0,0.0,0.5,0.2152786928328001,1.0,0.15733700092134106,0.0010645042926243908,0.0,0.4979007933597162,0.0,0.0,0.5,0.009771064643556704,0.0,0.4801919711750326,0.0,0.0,0.5,0.0,0.0,0.5,-0.002991467751702337,0.0,0.5060757069144809,0.0,0.0,0.5,0.05166884406877137,1.0,0.40875962897673984,0.0564942067486891,0.0,0.375619625446148,0.46614378424595393,1.0,0.04536107275213502,0.13056601620317476,1.0,0.3030365083947822,0.729079008102417
CPI_n,500,0.0,0.0,0.5,0.205207308798808,1.0,0.12064237192898136,-0.00035916866039809037,0.0,0.501014229509446,0.1031600945510236,1.0,0.23795839247532946,0.4116776362950383,1.0,0.02081960302081699,0.0,0.0,0.5,0.0022702483304946064,0.0,0.4936807412168504,0.19132714127981898,1.0,0.12450636103863982,0.0,0.0,0.5,0.0,0.0,0.5,0.0,0.0,0.5,0.0,0.0,0.5,0.0,0.0,0.5,0.0,0.0,0.5,0.0,0.0,0.5,0.0,0.0,0.5,0.0,0.0,0.5,0.0,0.0,0.5,0.0,0.0,0.5,0.0,0.0,0.5,1.4122045040130615
CPI_n,1000,0.0,0.0,0.5,0.0,0.0,0.5,0.0,0.0,0.5,0.21604152423766765,1.0,0.027119327262089193,-0.0017757751684500667,0.0,0.5084351287734757,0.2415481627236269,1.0,0.008600401202818622,-0.002256620759395367,0.0,0.5107395670742435,0.0,0.0,0.5,0.0,0.0,0.5,0.0,0.0,0.5,0.0,0.0,0.5,0.2065347248326328,1.0,0.032123191227211946,0.0,0.0,0.5,0.0,0.0,0.5,0.0,0.0,0.5,0.0,0.0,0.5,0.0,0.0,0.5,0.0,0.0,0.5,0.0,0.0,0.5,0.39319777999555927,1.0,0.0003004088265139158,2.073284149169922
CPI_bt,200,0.0,0.0,0.5,0.0,0.0,0.5,0.0001842421127542515,0.0,0.4989651925085413,0.0,0.0,0.5,0.0,0.0,0.5,0.0,0.0,0.5,0.0,0.0,0.5,0.0,0.0,0.5,0.2152786928328001,1.0,0.0032790719011719393,0.0010645042926243908,0.0,0.4940711357034863,0.0,0.0,0.5,0.009771064643556704,0.0,0.4484451115927801,0.0,0.0,0.5,0.0,0.0,0.5,-0.002991467751702337,0.0,0.515888279139286,0.0,0.0,0.5,0.05166884406877137,1.0,0.2805499331665582,0.0564942067486891,0.0,0.20006962101003056,0.46614378424595393,1.0,4.700359280775348e-06,0.13056601620317476,1.0,0.07273510312805019,0.6667377948760986
CPI_bt,500,0.0,0.0,0.5,0.205207308798808,1.0,9.478142926377086e-06,-0.00035916866039809037,0.0,0.5037607021246511,0.1031600945510236,1.0,0.005540902332118488,0.4116776362950383,1.0,1.7983404394159618e-12,0.0,0.0,0.5,0.0022702483304946064,0.0,0.4778570134649379,0.19132714127981898,1.0,6.6289854410325654e-06,0.0,0.0,0.5,0.0,0.0,0.5,0.0,0.0,0.5,0.0,0.0,0.5,0.0,0.0,0.5,0.0,0.0,0.5,0.0,0.0,0.5,0.0,0.0,0.5,0.0,0.0,0.5,0.0,0.0,0.5,0.0,0.0,0.5,0.0,0.0,0.5,1.5149857997894287
CPI_bt,1000,0.0,0.0,0.5,0.0,0.0,0.5,0.0,0.0,0.5,0.21604152423766765,1.0,2.758994166310474e-23,-0.0017757751684500667,0.0,0.5435177346144114,0.2415481627236269,1.0,2.213785518116194e-40,-0.002256620759395367,0.0,0.5565502461842138,0.0,0.0,0.5,0.0,0.0,0.5,0.0,0.0,0.5,0.0,0.0,0.5,0.2065347248326328,1.0,5.602360538198852e-25,0.0,0.0,0.5,0.0,0.0,0.5,0.0,0.0,0.5,0.0,0.0,0.5,0.0,0.0,0.5,0.0,0.0,0.5,0.0,0.0,0.5,0.39319777999555927,1.0,8.082759028926847e-88,2.5111300945281982
R-CPI,200,4.037174635000569e-16,0.0,0.49999999999999933,4.037174635000569e-16,0.0,0.49999999999999933,0.00047067239175812116,0.0,0.499255703601617,4.037174635000569e-16,0.0,0.49999999999999933,4.037174635000569e-16,0.0,0.49999999999999933,4.037174635000569e-16,0.0,0.49999999999999933,4.037174635000569e-16,0.0,0.49999999999999933,4.037174635000569e-16,0.0,0.49999999999999933,0.26871973781867536,1.0,0.1601179178678847,0.00234501309345194,0.0,0.4963999178692146,4.037174635000569e-16,0.0,0.49999999999999933,-0.0003406194937067236,0.0,0.5005367980147445,4.037174635000569e-16,0.0,0.49999999999999933,4.037174635000569e-16,0.0,0.49999999999999933,0.004157761935399609,0.0,0.49347588877435045,4.037174635000569e-16,0.0,0.49999999999999933,0.09884280146741466,1.0,0.37219559972000416,0.05323745028690647,0.0,0.4069080044162399,0.321228579686103,1.0,0.18535418067382325,0.2684101899110351,1.0,0.21073599020756356,0.6678509712219238
R-CPI,500,0.0,0.0,0.5,0.2129123423039743,1.0,0.19477727288489027,-0.0038785644170268407,0.0,0.5072103361465279,0.0553148957000897,1.0,0.39195640988216546,0.47010488935896916,1.0,0.04779550378457046,0.0,0.0,0.5,-0.001350360410495148,0.0,0.5024948676755971,0.2303467786242292,1.0,0.166088308383756,0.0,0.0,0.5,0.0,0.0,0.5,0.0,0.0,0.5,0.0,0.0,0.5,0.0,0.0,0.5,0.0,0.0,0.5,0.0,0.0,0.5,0.0,0.0,0.5,0.0,0.0,0.5,0.0,0.0,0.5,0.0,0.0,0.5,0.0,0.0,0.5,1.420248031616211
R-CPI,1000,0.0,0.0,0.5,0.0,0.0,0.5,0.0,0.0,0.5,0.22559828972214868,1.0,0.08471705558546655,-0.0036016121044632225,0.0,0.5106720104173577,0.23502664383075153,1.0,0.06062698783222414,-0.0015166473644515318,0.0,0.5045043767807676,0.0,0.0,0.5,0.0,0.0,0.5,0.0,0.0,0.5,0.0,0.0,0.5,0.18584501256192346,1.0,0.11434739748734918,0.0,0.0,0.5,0.0,0.0,0.5,0.0,0.0,0.5,0.0,0.0,0.5,0.0,0.0,0.5,0.0,0.0,0.5,0.0,0.0,0.5,0.42389703032556664,1.0,0.004352348445200915,2.396418809890747
R-CPI_sqrt,200,4.037174635000569e-16,0.0,0.4999999999999998,4.037174635000569e-16,0.0,0.4999999999999998,0.00047067239175812116,0.0,0.4997260732000372,4.037174635000569e-16,0.0,0.4999999999999998,4.037174635000569e-16,0.0,0.4999999999999998,4.037174635000569e-16,0.0,0.4999999999999998,4.037174635000569e-16,0.0,0.4999999999999998,4.037174635000569e-16,0.0,0.4999999999999998,0.26871973781867536,1.0,0.35124950283414197,0.00234501309345194,0.0,0.49865015142932567,4.037174635000569e-16,0.0,0.4999999999999998,-0.0003406194937067236,0.0,0.5001979875387321,4.037174635000569e-16,0.0,0.4999999999999998,4.037174635000569e-16,0.0,0.4999999999999998,0.004157761935399609,0.0,0.4975871060586656,4.037174635000569e-16,0.0,0.4999999999999998,0.09884280146741466,1.0,0.4466095113040199,0.05323745028690647,0.0,0.4678188038863058,0.321228579686103,1.0,0.34253164699167504,0.2684101899110351,1.0,0.36320537796048036,0.6613569259643555
R-CPI_sqrt,500,0.0,0.0,0.5,0.2129123423039743,1.0,0.3483372118335468,-0.0038785644170268407,0.0,0.5030142782637016,0.0553148957000897,1.0,0.45599481953368726,0.47010488935896916,1.0,0.2091446350988006,0.0,0.0,0.5,-0.001350360410495148,0.0,0.5010467230593154,0.2303467786242292,1.0,0.3337683804255863,0.0,0.0,0.5,0.0,0.0,0.5,0.0,0.0,0.5,0.0,0.0,0.5,0.0,0.0,0.5,0.0,0.0,0.5,0.0,0.0,0.5,0.0,0.0,0.5,0.0,0.0,0.5,0.0,0.0,0.5,0.0,0.0,0.5,0.0,0.0,0.5,1.182720422744751
R-CPI_sqrt,1000,0.0,0.0,0.5,0.0,0.0,0.5,0.0,0.0,0.5,0.22559828972214868,1.0,0.2530029723595454,-0.0036016121044632225,0.0,0.5046402092499072,0.23502664383075153,1.0,0.23594712814088142,-0.0015166473644515318,0.0,0.5019559134308227,0.0,0.0,0.5,0.0,0.0,0.5,0.0,0.0,0.5,0.0,0.0,0.5,0.18584501256192346,1.0,0.2863192920233768,0.0,0.0,0.5,0.0,0.0,0.5,0.0,0.0,0.5,0.0,0.0,0.5,0.0,0.0,0.5,0.0,0.0,0.5,0.0,0.0,0.5,0.42389703032556664,1.0,0.10395388620749901,2.3576788902282715
R-CPI_n,200,4.037174635000569e-16,0.0,0.4999999999999995,4.037174635000569e-16,0.0,0.4999999999999995,0.00047067239175812116,0.0,0.4993907605668222,4.037174635000569e-16,0.0,0.4999999999999995,4.037174635000569e-16,0.0,0.4999999999999995,4.037174635000569e-16,0.0,0.4999999999999995,4.037174635000569e-16,0.0,0.4999999999999995,4.037174635000569e-16,0.0,0.4999999999999995,0.26871973781867536,1.0,0.20508361180079854,0.00234501309345194,0.0,0.4970374836946372,4.037174635000569e-16,0.0,0.4999999999999995,-0.0003406194937067236,0.0,0.5004396653085718,4.037174635000569e-16,0.0,0.4999999999999995,4.037174635000569e-16,0.0,0.4999999999999995,0.004157761935399609,0.0,0.4946522017281839,4.037174635000569e-16,0.0,0.4999999999999995,0.09884280146741466,1.0,0.3915567567112594,0.05323745028690647,0.0,0.4251256635052594,0.321228579686103,1.0,0.2193315292679881,0.2684101899110351,1.0,0.245555345172627,0.6547653675079346
R-CPI_n,500,0.0,0.0,0.5,0.2129123423039743,1.0,0.21674877692757338,-0.0038785644170268407,0.0,0.5064744600349678,0.0553148957000897,1.0,0.40336730254015574,0.47010488935896916,1.0,0.06251902847488562,0.0,0.0,0.5,-0.001350360410495148,0.0,0.5022416463621727,0.2303467786242292,1.0,0.18958362644914922,0.0,0.0,0.5,0.0,0.0,0.5,0.0,0.0,0.5,0.0,0.0,0.5,0.0,0.0,0.5,0.0,0.0,0.5,0.0,0.0,0.5,0.0,0.0,0.5,0.0,0.0,0.5,0.0,0.0,0.5,0.0,0.0,0.5,0.0,0.0,0.5,1.1948027610778809
R-CPI_n,1000,0.0,0.0,0.5,0.0,0.0,0.5,0.0,0.0,0.5,0.22559828972214868,1.0,0.09777000161822996,-0.0036016121044632225,0.0,0.5099270337802344,0.23502664383075153,1.0,0.07314697944299035,-0.0015166473644515318,0.0,0.5041892401970659,0.0,0.0,0.5,0.0,0.0,0.5,0.0,0.0,0.5,0.0,0.0,0.5,0.18584501256192346,1.0,0.12928372770458352,0.0,0.0,0.5,0.0,0.0,0.5,0.0,0.0,0.5,0.0,0.0,0.5,0.0,0.0,0.5,0.0,0.0,0.5,0.0,0.0,0.5,0.42389703032556664,1.0,0.006773966526702627,2.9051079750061035
R-CPI_bt,200,4.037174635000569e-16,0.0,0.49999999999999883,4.037174635000569e-16,0.0,0.4999999999999984,0.00047067239175812116,0.0,0.49833637743324816,4.037174635000569e-16,0.0,0.4999999999999984,4.037174635000569e-16,0.0,0.4999999999999984,4.037174635000569e-16,0.0,0.49999999999999845,4.037174635000569e-16,0.0,0.4999999999999988,4.037174635000569e-16,0.0,0.49999999999999856,0.26871973781867536,1.0,0.020089378533584206,0.00234501309345194,0.0,0.4926226972866813,4.037174635000569e-16,0.0,0.4999999999999988,-0.0003406194937067236,0.0,0.5011978063557438,4.037174635000569e-16,0.0,0.49999999999999867,4.037174635000569e-16,0.0,0.4999999999999984,0.004157761935399609,0.0,0.4857565955724129,4.037174635000569e-16,0.0,0.49999999999999856,0.09884280146741466,1.0,0.2665804677630724,0.05323745028690647,0.0,0.29956400091467184,0.321228579686103,1.0,0.04610481334564997,0.2684101899110351,1.0,0.06129734738096704,0.6770789623260498
R-CPI_bt,500,0.0,0.0,0.5,0.2129123423039743,1.0,0.005146414573692431,-0.0038785644170268407,0.0,0.5232478548675605,0.0553148957000897,1.0,0.20013761115307283,0.47010488935896916,1.0,8.592975396911442e-06,0.0,0.0,0.5,-0.001350360410495148,0.0,0.5071263295309002,0.2303467786242292,1.0,0.002591053415451092,0.0,0.0,0.5,0.0,0.0,0.5,0.0,0.0,0.5,0.0,0.0,0.5,0.0,0.0,0.5,0.0,0.0,0.5,0.0,0.0,0.5,0.0,0.0,0.5,0.0,0.0,0.5,0.0,0.0,0.5,0.0,0.0,0.5,0.0,0.0,0.5,1.303088903427124
R-CPI_bt,1000,0.0,0.0,0.5,0.0,0.0,0.5,0.0,0.0,0.5,0.22559828972214868,1.0,1.802007263774464e-09,-0.0036016121044632225,0.0,0.5489127695872659,0.23502664383075153,1.0,7.797298148229977e-13,-0.0015166473644515318,0.0,0.5208379245646899,0.0,0.0,0.5,0.0,0.0,0.5,0.0,0.0,0.5,0.0,0.0,0.5,0.18584501256192346,1.0,2.445554772029254e-08,0.0,0.0,0.5,0.0,0.0,0.5,0.0,0.0,0.5,0.0,0.0,0.5,0.0,0.0,0.5,0.0,0.0,0.5,0.0,0.0,0.5,0.42389703032556664,1.0,4.668594192308748e-28,2.801712989807129
R-CPI2,200,-3.07784600886182e-15,0.0,0.5000000000000044,-3.07784600886182e-15,0.0,0.5000000000000044,0.0006046709571608767,0.0,0.49912190842908477,-3.07784600886182e-15,0.0,0.5000000000000044,-3.07784600886182e-15,0.0,0.5000000000000044,-3.07784600886182e-15,0.0,0.5000000000000044,-3.07784600886182e-15,0.0,0.5000000000000044,-3.07784600886182e-15,0.0,0.5000000000000044,0.27596486463971337,1.0,0.1710478504997806,0.004827406610100582,0.0,0.4931691332865743,-3.07784600886182e-15,0.0,0.5000000000000044,0.0005259527228708468,0.0,0.49923750624651464,-3.07784600886182e-15,0.0,0.5000000000000044,-3.07784600886182e-15,0.0,0.5000000000000044,0.008418134005826923,0.0,0.48787038268598426,-3.07784600886182e-15,0.0,0.5000000000000044,0.15143975392845452,1.0,0.3175844414729188,0.018632547878707474,0.0,0.47027492178785607,0.3491729361600223,1.0,0.16936425712692,0.2591942607920073,1.0,0.2326650314053943,0.7756614685058594
R-CPI2,500,0.0,0.0,0.5,0.2181551690773377,1.0,0.21118822549447408,-0.004935103664827628,0.0,0.5084524468013504,0.10565376035604154,1.0,0.3211688381550623,0.3961575196230518,1.0,0.08986882221760617,0.0,0.0,0.5,-0.0007827994776054014,0.0,0.5013276170294811,0.2661950302753567,1.0,0.15090504153667667,0.0,0.0,0.5,0.0,0.0,0.5,0.0,0.0,0.5,0.0,0.0,0.5,0.0,0.0,0.5,0.0,0.0,0.5,0.0,0.0,0.5,0.0,0.0,0.5,0.0,0.0,0.5,0.0,0.0,0.5,0.0,0.0,0.5,0.0,0.0,0.5,1.194248914718628
R-CPI2,1000,-6.5953843047039e-16,0.0,0.5000000000000018,-6.5953843047039e-16,0.0,0.5000000000000018,-6.5953843047039e-16,0.0,0.5000000000000018,0.19552008096403256,1.0,0.13470882543807056,-0.0026117643777973593,0.0,0.5071016775908362,0.25848498500179834,1.0,0.05926238053978443,-0.0033464093753201125,0.0,0.5091150840016883,-6.5953843047039e-16,0.0,0.5000000000000018,-6.5953843047039e-16,0.0,0.5000000000000018,-6.5953843047039e-16,0.0,0.5000000000000018,-6.5953843047039e-16,0.0,0.5000000000000018,0.18317688975788515,1.0,0.1474837306983507,-6.5953843047039e-16,0.0,0.5000000000000018,-6.5953843047039e-16,0.0,0.5000000000000018,-6.5953843047039e-16,0.0,0.5000000000000018,-6.5953843047039e-16,0.0,0.5000000000000018,-6.5953843047039e-16,0.0,0.5000000000000018,-6.5953843047039e-16,0.0,0.5000000000000018,-6.5953843047039e-16,0.0,0.5000000000000018,0.37636738159496486,1.0,0.012648524241415101,2.523102045059204
R-CPI2_sqrt,200,-3.07784600886182e-15,0.0,0.5000000000000018,-3.07784600886182e-15,0.0,0.5000000000000018,0.0006046709571608767,0.0,0.49965924212880475,-3.07784600886182e-15,0.0,0.5000000000000018,-3.07784600886182e-15,0.0,0.5000000000000018,-3.07784600886182e-15,0.0,0.5000000000000018,-3.07784600886182e-15,0.0,0.5000000000000018,-3.07784600886182e-15,0.0,0.5000000000000018,0.27596486463971337,1.0,0.3514768909884347,0.004827406610100582,0.0,0.4973069663427086,-3.07784600886182e-15,0.0,0.5000000000000018,0.0005259527228708468,0.0,0.4997037968952577,-3.07784600886182e-15,0.0,0.5000000000000018,-3.07784600886182e-15,0.0,0.5000000000000018,0.008418134005826923,0.0,0.4952702303335307,-3.07784600886182e-15,0.0,0.5000000000000018,0.15143975392845452,1.0,0.4202394288200195,0.018632547878707474,0.0,0.4891186027509519,0.3491729361600223,1.0,0.3308889941320321,0.2591942607920073,1.0,0.3711389777738139,0.751915693283081
R-CPI2_sqrt,500,0.0,0.0,0.5,0.2181551690773377,1.0,0.3511223870750468,-0.004935103664827628,0.0,0.5037031622994885,0.10565376035604154,1.0,0.4204373066350298,0.3961575196230518,1.0,0.25242059157014984,0.0,0.0,0.5,-0.0007827994776054014,0.0,0.5005848520180802,0.2661950302753567,1.0,0.31621749633455454,0.0,0.0,0.5,0.0,0.0,0.5,0.0,0.0,0.5,0.0,0.0,0.5,0.0,0.0,0.5,0.0,0.0,0.5,0.0,0.0,0.5,0.0,0.0,0.5,0.0,0.0,0.5,0.0,0.0,0.5,0.0,0.0,0.5,0.0,0.0,0.5,1.196500301361084
R-CPI2_sqrt,1000,-6.5953843047039e-16,0.0,0.5000000000000008,-6.5953843047039e-16,0.0,0.5000000000000008,-6.5953843047039e-16,0.0,0.5000000000000008,0.19552008096403256,1.0,0.2893234703329167,-0.0026117643777973593,0.0,0.5032385064931911,0.25848498500179834,1.0,0.2239608858092727,-0.0033464093753201125,0.0,0.5041527663552423,-6.5953843047039e-16,0.0,0.5000000000000008,-6.5953843047039e-16,0.0,0.5000000000000008,-6.5953843047039e-16,0.0,0.5000000000000008,-6.5953843047039e-16,0.0,0.5000000000000008,0.18317688975788515,1.0,0.3003236507557461,-6.5953843047039e-16,0.0,0.5000000000000008,-6.5953843047039e-16,0.0,0.5000000000000008,-6.5953843047039e-16,0.0,0.5000000000000008,-6.5953843047039e-16,0.0,0.5000000000000008,-6.5953843047039e-16,0.0,0.5000000000000008,-6.5953843047039e-16,0.0,0.5000000000000008,-6.5953843047039e-16,0.0,0.5000000000000008,0.37636738159496486,1.0,0.13645553597178012,2.2866129875183105
R-CPI2_n,200,-3.07784600886182e-15,0.0,0.5000000000000037,-3.07784600886182e-15,0.0,0.5000000000000037,0.0006046709571608767,0.0,0.499270429953207,-3.07784600886182e-15,0.0,0.5000000000000037,-3.07784600886182e-15,0.0,0.5000000000000037,-3.07784600886182e-15,0.0,0.5000000000000037,-3.07784600886182e-15,0.0,0.5000000000000037,-3.07784600886182e-15,0.0,0.5000000000000037,0.27596486463971337,1.0,0.21282615872925725,0.004827406610100582,0.0,0.49429980369714993,-3.07784600886182e-15,0.0,0.5000000000000037,0.0005259527228708468,0.0,0.4993662951358741,-3.07784600886182e-15,0.0,0.5000000000000037,-3.07784600886182e-15,0.0,0.5000000000000037,0.008418134005826923,0.0,0.4899085160694741,-3.07784600886182e-15,0.0,0.5000000000000037,0.15143975392845452,1.0,0.34320751922437037,0.018632547878707474,0.0,0.4757043298413246,0.3491729361600223,1.0,0.20339167891334065,0.2591942607920073,1.0,0.26410617532834463,1.0662155151367188
R-CPI2_n,500,0.0,0.0,0.5,0.2181551690773377,1.0,0.23078675824343714,-0.004935103664827628,0.0,0.5076512703476197,0.10565376035604154,1.0,0.33744088872109723,0.3961575196230518,1.0,0.10763525613013669,0.0,0.0,0.5,-0.0007827994776054014,0.0,0.5012028835524295,0.2661950302753567,1.0,0.17276174167392755,0.0,0.0,0.5,0.0,0.0,0.5,0.0,0.0,0.5,0.0,0.0,0.5,0.0,0.0,0.5,0.0,0.0,0.5,0.0,0.0,0.5,0.0,0.0,0.5,0.0,0.0,0.5,0.0,0.0,0.5,0.0,0.0,0.5,0.0,0.0,0.5,1.1887238025665283
R-CPI2_n,1000,-6.5953843047039e-16,0.0,0.5000000000000017,-6.5953843047039e-16,0.0,0.5000000000000017,-6.5953843047039e-16,0.0,0.5000000000000017,0.19552008096403256,1.0,0.1480643741465828,-0.0026117643777973593,0.0,0.5066441010298272,0.25848498500179834,1.0,0.07061626894177656,-0.0033464093753201125,0.0,0.508526841388372,-6.5953843047039e-16,0.0,0.5000000000000017,-6.5953843047039e-16,0.0,0.5000000000000017,-6.5953843047039e-16,0.0,0.5000000000000017,-6.5953843047039e-16,0.0,0.5000000000000017,0.18317688975788515,1.0,0.16106604419337178,-6.5953843047039e-16,0.0,0.5000000000000017,-6.5953843047039e-16,0.0,0.5000000000000017,-6.5953843047039e-16,0.0,0.5000000000000017,-6.5953843047039e-16,0.0,0.5000000000000017,-6.5953843047039e-16,0.0,0.5000000000000017,-6.5953843047039e-16,0.0,0.5000000000000017,-6.5953843047039e-16,0.0,0.5000000000000017,0.37636738159496486,1.0,0.017424358609652035,2.3302884101867676
R-CPI2_bt,200,-3.07784600886182e-15,0.0,0.5000000000000091,-3.07784600886182e-15,0.0,0.5000000000000094,0.0006046709571608767,0.0,0.4984050495564871,-3.07784600886182e-15,0.0,0.500000000000009,-3.07784600886182e-15,0.0,0.5000000000000093,-3.07784600886182e-15,0.0,0.5000000000000101,-3.07784600886182e-15,0.0,0.5000000000000082,-3.07784600886182e-15,0.0,0.5000000000000092,0.27596486463971337,1.0,0.0211549615507879,0.004827406610100582,0.0,0.485809060642673,-3.07784600886182e-15,0.0,0.5000000000000094,0.0005259527228708468,0.0,0.49822315075180357,-3.07784600886182e-15,0.0,0.500000000000008,-3.07784600886182e-15,0.0,0.5000000000000109,0.008418134005826923,0.0,0.4722123936715314,-3.07784600886182e-15,0.0,0.5000000000000092,0.15143975392845452,1.0,0.19088503732680118,0.018632547878707474,0.0,0.4369330265177927,0.3491729361600223,1.0,0.03649971968935562,0.2591942607920073,1.0,0.05819490127889433,0.8464035987854004
R-CPI2_bt,500,0.0,0.0,0.5,0.2181551690773377,1.0,0.0070698808763580995,-0.004935103664827628,0.0,0.5285926153264038,0.10565376035604154,1.0,0.09512334423523211,0.3961575196230518,1.0,0.0002600291451378537,0.0,0.0,0.5,-0.0007827994776054014,0.0,0.5041765820467137,0.2661950302753567,1.0,0.0018254830658432429,0.0,0.0,0.5,0.0,0.0,0.5,0.0,0.0,0.5,0.0,0.0,0.5,0.0,0.0,0.5,0.0,0.0,0.5,0.0,0.0,0.5,0.0,0.0,0.5,0.0,0.0,0.5,0.0,0.0,0.5,0.0,0.0,0.5,0.0,0.0,0.5,1.285071611404419
R-CPI2_bt,1000,-6.5953843047039e-16,0.0,0.500000000000008,-6.5953843047039e-16,0.0,0.5000000000000079,-6.5953843047039e-16,0.0,0.5000000000000082,0.19552008096403256,1.0,1.985385782028237e-06,-0.0026117643777973593,0.0,0.5316750579945876,0.25848498500179834,1.0,9.611469230856377e-14,-0.0033464093753201125,0.0,0.5410936592160834,-6.5953843047039e-16,0.0,0.5000000000000083,-6.5953843047039e-16,0.0,0.5000000000000087,-6.5953843047039e-16,0.0,0.500000000000008,-6.5953843047039e-16,0.0,0.5000000000000083,0.18317688975788515,1.0,4.2585446090826623e-07,-6.5953843047039e-16,0.0,0.5000000000000088,-6.5953843047039e-16,0.0,0.5000000000000089,-6.5953843047039e-16,0.0,0.5000000000000085,-6.5953843047039e-16,0.0,0.5000000000000082,-6.5953843047039e-16,0.0,0.5000000000000087,-6.5953843047039e-16,0.0,0.5000000000000083,-6.5953843047039e-16,0.0,0.5000000000000072,0.37636738159496486,1.0,9.635034716189523e-28,2.708078384399414
LOCO-W,200,0.3227836197045809,0.0,0.1637971802448539,0.6293516232036438,0.0,0.055339364024836746,1.144872804819427,0.0,0.00037977844002123895,0.12183333188426289,0.0,0.33750193001202833,0.921392333637106,1.0,0.009064072086742647,0.2455167473005843,0.0,0.24981882871146066,-0.26996394496372367,0.0,0.778589280362648,0.062348444083332615,0.0,0.42625738764946464,-0.09931895801934926,0.0,0.6053080773520152,-0.06026717767431877,0.0,0.5639689478309635,0.24384545181354367,0.0,0.22579710669190123,0.20837319399585397,0.0,0.2740250575562113,0.5095449966826071,1.0,0.0991878560227053,0.32578400781226874,0.0,0.1624716340912351,-0.18407551109809717,0.0,0.715323231403042,-0.7583531105289513,0.0,0.9779855567782814,-0.3365321922607011,1.0,0.8049679436111752,0.13001784273981679,0.0,0.3632707798664164,0.12608947144510907,1.0,0.38778823590284106,0.27449597131747366,0.0,0.21508047803767372,0.7057511806488037
LOCO-W,500,0.05377698134426743,0.0,0.42253271464055897,0.3692767883115473,1.0,0.08631884646249599,-0.031972102279000936,0.0,0.5497426377772331,-0.00407580428255553,0.0,0.5060365422875608,-0.48092264909703913,0.0,0.9709236724585429,0.17876151921361236,0.0,0.2514430697648722,0.15663694817995202,0.0,0.28648657336166694,0.0443308956615006,0.0,0.4340169210696265,0.7588343527932813,1.0,0.002483577306171436,0.731436175645491,1.0,0.005326649052033616,0.17980915495263597,0.0,0.2528586875343427,0.1281193186938652,0.0,0.3065762480830033,0.5129748944386532,0.0,0.0294749320680755,-0.12650031850952545,0.0,0.6891312521083719,-0.20868293783977318,0.0,0.8016081530360945,-0.06315716270660093,0.0,0.6001781160834577,0.2801719014324697,0.0,0.1410204005193325,-0.3268244021098973,0.0,0.8917152515877931,-0.00782031826777221,1.0,0.510868048317402,0.43385022072823276,0.0,0.0469916264640855,0.7152862548828125
LOCO-W,1000,-0.04883299388260512,0.0,0.5853758763715552,-0.026027013740278642,0.0,0.5471762309172122,0.15985385238085978,0.0,0.2440671031382643,0.001774853816738241,0.0,0.49684668114662844,0.47544222346744075,0.0,0.01556928721315376,0.5121395938935234,0.0,0.014375064707240592,-0.2600248283881801,0.0,0.871408136569046,0.1325742039448407,1.0,0.29148310653199505,0.026962619223728883,0.0,0.45414956969393583,-0.12486845957326087,0.0,0.7031506834783559,0.0950245348678802,1.0,0.3478730257271849,0.3834896775276667,1.0,0.05922545935086754,-0.18370714092921422,0.0,0.7841084498503833,-0.08414984772149289,0.0,0.643863161394442,-0.07923029480582476,0.0,0.6342097844819715,-0.21551004963836104,0.0,0.8283755303221481,0.04657139154077106,0.0,0.42157968199792295,0.24734300005718524,1.0,0.14230616836887844,0.12636427207290324,0.0,0.2935702675356363,0.02942975370270113,0.0,0.44959407985264443,0.6679410934448242
CPI,200,0.0,0.0,0.5,0.0,0.0,0.5,0.0,0.0,0.5,0.0,0.0,0.5,0.10697619278281456,1.0,0.31630718085719034,0.0,0.0,0.5,0.0,0.0,0.5,0.0,0.0,0.5,-0.004390917388923832,0.0,0.5101358567545616,0.0,0.0,0.5,0.0,0.0,0.5,0.0,0.0,0.5,0.2172767102087183,1.0,0.1652121458776314,0.0,0.0,0.5,0.0017876815570977422,0.0,0.49595427264963754,0.0,0.0,0.5,-0.057123515027425076,1.0,0.6216149501908035,0.008552489423890086,0.0,0.480450612182207,0.32011251836345656,1.0,0.07529230040825104,0.0,0.0,0.5,0.698101282119751
CPI,500,-0.0036583722775995753,0.0,0.5110345567082393,0.1476368774864778,1.0,0.16129715642617237,-0.005680747104235273,0.0,0.5171528740851076,0.002039277051421262,0.0,0.49386505110606016,0.0009163979772510711,0.0,0.49724878309852466,-0.009499843453850021,0.0,0.5294222905726922,0.0,0.0,0.5,0.0022397279909125434,0.0,0.493328627668314,0.24845787158280896,1.0,0.05070925829274355,0.13937307688348133,1.0,0.20068568899490874,0.0018472775722437884,0.0,0.49448782573211636,0.0,0.0,0.5,0.0,0.0,0.5,0.0,0.0,0.5,0.0006053930738949553,0.0,0.49818150372174275,0.003455600066161635,0.0,0.4897136375171219,-0.005766318088083144,0.0,0.5175040769889029,-0.0018188219169616993,0.0,0.5055210714452556,0.2654720827295989,1.0,0.06984319106037994,0.0,0.0,0.5,1.4123883247375488
CPI,1000,0.0,0.0,0.5,0.0,0.0,0.5,0.0,0.0,0.5,0.0,0.0,0.5,0.0,0.0,0.5,0.0,0.0,0.5,0.0,0.0,0.5,0.3118688116989956,1.0,0.0013258340248379487,0.0,0.0,0.5,0.0,0.0,0.5,0.32219691700079833,1.0,0.002783637779974834,0.1074946613059875,1.0,0.1158768964060023,0.0,0.0,0.5,0.0,0.0,0.5,0.0,0.0,0.5,0.0,0.0,0.5,0.0029164971643054205,0.0,0.4861526751123106,0.17938168965648815,1.0,0.03840198809916284,0.0,0.0,0.5,0.0,0.0,0.5,2.9876065254211426
CPI_sqrt,200,0.0,0.0,0.5,0.0,0.0,0.5,0.0,0.0,0.5,0.0,0.0,0.5,0.10697619278281456,1.0,0.43088182843091083,0.0,0.0,0.5,0.0,0.0,0.5,0.0,0.0,0.5,-0.004390917388923832,0.0,0.5031092883558149,0.0,0.0,0.5,0.0,0.0,0.5,0.0,0.0,0.5,0.2172767102087183,1.0,0.36167867494836325,0.0,0.0,0.5,0.0017876815570977422,0.0,0.49874185208877686,0.0,0.0,0.5,-0.057123515027425076,1.0,0.5395675540272122,0.008552489423890086,0.0,0.49396172580121983,0.32011251836345656,1.0,0.30084157819527907,0.0,0.0,0.5,0.6039924621582031
CPI_sqrt,500,-0.0036583722775995753,0.0,0.5039332423111534,0.1476368774864778,1.0,0.35180870312739354,-0.005680747104235273,0.0,0.5061101482303091,0.002039277051421262,0.0,0.4978095853410658,0.0009163979772510711,0.0,0.49901641548215786,-0.009499843453850021,0.0,0.510311409733379,0.0,0.0,0.5,0.0022397279909125434,0.0,0.49760282000018624,0.24845787158280896,1.0,0.26230028336807654,0.13937307688348133,1.0,0.36533955223903736,0.0018472775722437884,0.0,0.4980216055735747,0.0,0.0,0.5,0.0,0.0,0.5,0.0,0.0,0.5,0.0006053930738949553,0.0,0.4993500973615077,0.003455600066161635,0.0,0.496302279545325,-0.005766318088083144,0.0,0.5062139422172374,-0.0018188219169616993,0.0,0.5019598706454562,0.2654720827295989,1.0,0.2629542399101452,0.0,0.0,0.5,1.1829197406768799
CPI_sqrt,1000,0.0,0.0,0.5,0.0,0.0,0.5,0.0,0.0,0.5,0.0,0.0,0.5,0.0,0.0,0.5,0.0,0.0,0.5,0.0,0.0,0.5,0.3118688116989956,1.0,0.138739718257755,0.0,0.0,0.5,0.0,0.0,0.5,0.32219691700079833,1.0,0.1411151675161011,0.1074946613059875,1.0,0.3470384369918169,0.0,0.0,0.5,0.0,0.0,0.5,0.0,0.0,0.5,0.0,0.0,0.5,0.0029164971643054205,0.0,0.4956490853251353,0.17938168965648815,1.0,0.2643795146611613,0.0,0.0,0.5,0.0,0.0,0.5,2.4428672790527344
CPI_n,200,0.0,0.0,0.5,0.0,0.0,0.5,0.0,0.0,0.5,0.0,0.0,0.5,0.10697619278281456,1.0,0.34821607250394726,0.0,0.0,0.5,0.0,0.0,0.5,0.0,0.0,0.5,-0.004390917388923832,0.0,0.5078467150012352,0.0,0.0,0.5,0.0,0.0,0.5,0.0,0.0,0.5,0.2172767102087183,1.0,0.2136153063463947,0.0,0.0,0.5,0.0017876815570977422,0.0,0.49685410350709286,0.0,0.0,0.5,-0.057123515027425076,1.0,0.5960856683985581,0.008552489423890086,0.0,0.48483151508811834,0.32011251836345656,1.0,0.12058198966181549,0.0,0.0,0.5,0.6291165351867676
CPI_n,500,-0.0036583722775995753,0.0,0.5096169628803082,0.1476368774864778,1.0,0.19082720573442336,-0.005680747104235273,0.0,0.5149475168037455,0.002039277051421262,0.0,0.49465146281293504,0.0009163979772510711,0.0,0.49760082530660604,-0.009499843453850021,0.0,0.5255566893750466,0.0,0.0,0.5,0.0022397279909125434,0.0,0.4941764165066458,0.24845787158280896,1.0,0.07332951004285054,0.13937307688348133,1.0,0.22632498373828291,0.0018472775722437884,0.0,0.49518939925849154,0.0,0.0,0.5,0.0,0.0,0.5,0.0,0.0,0.5,0.0006053930738949553,0.0,0.4984143064540839,0.003455600066161635,0.0,0.4910200108303279,-0.005766318088083144,0.0,0.515243138576127,-0.0018188219169616993,0.0,0.50480778880449,0.2654720827295989,1.0,0.0913615218339256,0.0,0.0,0.5,1.1477406024932861
CPI_n,1000,0.0,0.0,0.5,0.0,0.0,0.5,0.0,0.0,0.5,0.0,0.0,0.5,0.0,0.0,0.5,0.0,0.0,0.5,0.0,0.0,0.5,0.3118688116989956,1.0,0.003193918504868922,0.0,0.0,0.5,0.0,0.0,0.5,0.32219691700079833,1.0,0.005530736940653635,0.1074946613059875,1.0,0.14234828075119516,0.0,0.0,0.5,0.0,0.0,0.5,0.0,0.0,0.5,0.0,0.0,0.5,0.0029164971643054205,0.0,0.4877021906977735,0.17938168965648815,1.0,0.05455774354935861,0.0,0.0,0.5,0.0,0.0,0.5,2.432694435119629
CPI_bt,200,0.0,0.0,0.5,0.0,0.0,0.5,0.0,0.0,0.5,0.0,0.0,0.5,0.10697619278281456,1.0,0.10728051508180464,0.0,0.0,0.5,0.0,0.0,0.5,0.0,0.0,0.5,-0.004390917388923832,0.0,0.5203588372078461,0.0,0.0,0.5,0.0,0.0,0.5,0.0,0.0,0.5,0.2172767102087183,1.0,0.034015526299507395,0.0,0.0,0.5,0.0017876815570977422,0.0,0.4915463455267033,0.0,0.0,0.5,-0.057123515027425076,1.0,0.774731447180081,0.008552489423890086,0.0,0.4586977686389025,0.32011251836345656,1.0,0.0009980516992352134,0.0,0.0,0.5,0.6467313766479492
CPI_bt,500,-0.0036583722775995753,0.0,0.5380569859050041,0.1476368774864778,1.0,6.881387206493756e-05,-0.005680747104235273,0.0,0.5587916571024714,0.002039277051421262,0.0,0.47883224578044,0.0009163979772510711,0.0,0.4891851333652658,-0.009499843453850021,0.0,0.6098317018827252,0.0,0.0,0.5,0.0022397279909125434,0.0,0.4751389516424047,0.24845787158280896,1.0,5.273254844231698e-10,0.13937307688348133,1.0,0.0019122525944013798,0.0018472775722437884,0.0,0.47954217084195894,0.0,0.0,0.5,0.0,0.0,0.5,0.0,0.0,0.5,0.0006053930738949553,0.0,0.49336210929621416,0.003455600066161635,0.0,0.46441285702054314,-0.005766318088083144,0.0,0.5595758010221563,-0.0018188219169616993,0.0,0.519361005490701,0.2654720827295989,1.0,3.907068997970973e-08,0.0,0.0,0.5,1.2107651233673096
CPI_bt,1000,0.0,0.0,0.5,0.0,0.0,0.5,0.0,0.0,0.5,0.0,0.0,0.5,0.0,0.0,0.5,0.0,0.0,0.5,0.0,0.0,0.5,0.3118688116989956,1.0,3.2175499030882572e-53,0.0,0.0,0.5,0.0,0.0,0.5,0.32219691700079833,1.0,1.1025198320019497e-39,0.1074946613059875,1.0,5.9371427277591975e-09,0.0,0.0,0.5,0.0,0.0,0.5,0.0,0.0,0.5,0.0,0.0,0.5,0.0029164971643054205,0.0,0.43536520879592483,0.17938168965648815,1.0,4.293101601350784e-18,0.0,0.0,0.5,0.0,0.0,0.5,2.746736764907837
R-CPI,200,0.0,0.0,0.5,0.0,0.0,0.5,0.0,0.0,0.5,0.0,0.0,0.5,0.021482645593969337,1.0,0.47293317842107435,0.0,0.0,0.5,0.0,0.0,0.5,0.0,0.0,0.5,-0.012776662255443211,0.0,0.5161871608383963,0.0,0.0,0.5,0.0,0.0,0.5,0.0,0.0,0.5,0.3178557696288544,1.0,0.19657525710524038,0.0,0.0,0.5,0.0066021494247701295,0.0,0.49173516717032656,0.0,0.0,0.5,0.07632523528727524,1.0,0.4147928147350518,-0.0014207716973432564,0.0,0.5017731164915137,0.48981491966922214,1.0,0.08516159225986197,0.0,0.0,0.5,0.7588918209075928
R-CPI,500,-0.0027925256480975202,0.0,0.5046132132473754,0.12440433853662154,1.0,0.30682997299329046,0.003975582957040319,0.0,0.49345931363132145,0.0006295404992147494,0.0,0.4989595789321253,0.001414895087616537,0.0,0.4976618048731731,0.000723578829911324,0.0,0.49875708884469655,0.0,0.0,0.5,0.006338529395265479,0.0,0.4895377374660697,0.20065574794459604,1.0,0.22602183521092994,0.13380312798360272,1.0,0.31517638683189086,0.0012690962988435508,0.0,0.4979136462990953,0.0,0.0,0.5,0.0,0.0,0.5,0.0,0.0,0.5,0.003979986313591219,0.0,0.49344080767464443,0.003994904968438865,0.0,0.4934317607216557,-0.002840789557595985,0.0,0.5047043022391944,-0.00976629082321313,0.0,0.5163658302324624,0.20219899664519597,1.0,0.23929637154746042,0.0,0.0,0.5,1.464616060256958
R-CPI,1000,-4.037174635000569e-16,0.0,0.500000000000001,-4.037174635000569e-16,0.0,0.500000000000001,-4.037174635000569e-16,0.0,0.500000000000001,-4.037174635000569e-16,0.0,0.500000000000001,-4.037174635000569e-16,0.0,0.500000000000001,-4.037174635000569e-16,0.0,0.500000000000001,-4.037174635000569e-16,0.0,0.500000000000001,0.2529855907961329,1.0,0.06842877700732303,-4.037174635000569e-16,0.0,0.500000000000001,-4.037174635000569e-16,0.0,0.500000000000001,0.32468746967996026,1.0,0.04576421692340088,0.12690640785136195,1.0,0.20804606038435136,-4.037174635000569e-16,0.0,0.500000000000001,-4.037174635000569e-16,0.0,0.500000000000001,-4.037174635000569e-16,0.0,0.500000000000001,-4.037174635000569e-16,0.0,0.500000000000001,0.007499226547997637,0.0,0.4804530960842199,0.1467269417162303,1.0,0.19098329244739481,-4.037174635000569e-16,0.0,0.500000000000001,-4.037174635000569e-16,0.0,0.500000000000001,2.436802864074707
R-CPI_sqrt,200,0.0,0.0,0.5,0.0,0.0,0.5,0.0,0.0,0.5,0.0,0.0,0.5,0.021482645593969337,1.0,0.4878791569158934,0.0,0.0,0.5,0.0,0.0,0.5,0.0,0.0,0.5,-0.012776662255443211,0.0,0.5072257683492357,0.0,0.0,0.5,0.0,0.0,0.5,0.0,0.0,0.5,0.3178557696288544,1.0,0.3384512802034788,0.0,0.0,0.5,0.0066021494247701295,0.0,0.49628636349975563,0.0,0.0,0.5,0.07632523528727524,1.0,0.459210071769114,-0.0014207716973432564,0.0,0.5007980503907924,0.48981491966922214,1.0,0.2562306007067455,0.0,0.0,0.5,0.802609920501709
R-CPI_sqrt,500,-0.0027925256480975202,0.0,0.5023195065475486,0.12440433853662154,1.0,0.39882675210061935,0.003975582957040319,0.0,0.4967046323791503,0.0006295404992147494,0.0,0.49947699016864944,0.001414895087616537,0.0,0.49882457110655626,0.000723578829911324,0.0,0.4993871973267083,0.0,0.0,0.5,0.006338529395265479,0.0,0.49473726780735666,0.20065574794459604,1.0,0.3457428141007193,0.13380312798360272,1.0,0.3978637290879566,0.0012690962988435508,0.0,0.49894845612806354,0.0,0.0,0.5,0.0,0.0,0.5,0.0,0.0,0.5,0.003979986313591219,0.0,0.49669812606487695,0.003994904968438865,0.0,0.49668969160342924,-0.002840789557595985,0.0,0.5023624634801872,-0.00976629082321313,0.0,0.5081707778392304,0.20219899664519597,1.0,0.34984117701557493,0.0,0.0,0.5,1.1716673374176025
R-CPI_sqrt,1000,-4.037174635000569e-16,0.0,0.5000000000000004,-4.037174635000569e-16,0.0,0.5000000000000004,-4.037174635000569e-16,0.0,0.5000000000000004,-4.037174635000569e-16,0.0,0.5000000000000004,-4.037174635000569e-16,0.0,0.5000000000000004,-4.037174635000569e-16,0.0,0.5000000000000004,-4.037174635000569e-16,0.0,0.5000000000000004,0.2529855907961329,1.0,0.23708132919347258,-4.037174635000569e-16,0.0,0.5000000000000004,-4.037174635000569e-16,0.0,0.5000000000000004,0.32468746967996026,1.0,0.19381266828606847,0.12690640785136195,1.0,0.3542585959938955,-4.037174635000569e-16,0.0,0.5000000000000004,-4.037174635000569e-16,0.0,0.5000000000000004,-4.037174635000569e-16,0.0,0.5000000000000004,-4.037174635000569e-16,0.0,0.5000000000000004,0.007499226547997637,0.0,0.49110726675247995,0.1467269417162303,1.0,0.3380650530836672,-4.037174635000569e-16,0.0,0.5000000000000004,-4.037174635000569e-16,0.0,0.5000000000000004,2.4056396484375
R-CPI_n,200,0.0,0.0,0.5,0.0,0.0,0.5,0.0,0.0,0.5,0.0,0.0,0.5,0.021482645593969337,1.0,0.4766492062113852,0.0,0.0,0.5,0.0,0.0,0.5,0.0,0.0,0.5,-0.012776662255443211,0.0,0.5139533572673507,0.0,0.0,0.5,0.0,0.0,0.5,0.0,0.0,0.5,0.3178557696288544,1.0,0.22601182852547652,0.0,0.0,0.5,0.0066021494247701295,0.0,0.4928641411624964,0.0,0.0,0.5,0.07632523528727524,1.0,0.4252662475078483,-0.0014207716973432564,0.0,0.5015315394229299,0.48981491966922214,1.0,0.11476622198012987,0.0,0.0,0.5,0.7664132118225098
R-CPI_n,500,-0.0027925256480975202,0.0,0.5042685661851566,0.12440433853662154,1.0,0.3199507651685763,0.003975582957040319,0.0,0.4939460963549206,0.0006295404992147494,0.0,0.4990373384885015,0.001414895087616537,0.0,0.4978365467083885,0.000723578829911324,0.0,0.4988533558379525,0.0,0.0,0.5,0.006338529395265479,0.0,0.4903186827982315,0.20065574794459604,1.0,0.24171386711000709,0.13380312798360272,1.0,0.32646548280280296,0.0012690962988435508,0.0,0.49806881712965184,0.0,0.0,0.5,0.0,0.0,0.5,0.0,0.0,0.5,0.003979986313591219,0.0,0.4939297445592638,0.003994904968438865,0.0,0.4939203022598441,-0.002840789557595985,0.0,0.5043520634214166,-0.00976629082321313,0.0,0.5151271795821749,0.20219899664519597,1.0,0.25358573813512086,0.0,0.0,0.5,1.161837100982666
R-CPI_n,1000,-4.037174635000569e-16,0.0,0.500000000000001,-4.037174635000569e-16,0.0,0.500000000000001,-4.037174635000569e-16,0.0,0.500000000000001,-4.037174635000569e-16,0.0,0.500000000000001,-4.037174635000569e-16,0.0,0.500000000000001,-4.037174635000569e-16,0.0,0.500000000000001,-4.037174635000569e-16,0.0,0.500000000000001,0.2529855907961329,1.0,0.0806967196769558,-4.037174635000569e-16,0.0,0.500000000000001,-4.037174635000569e-16,0.0,0.500000000000001,0.32468746967996026,1.0,0.054868569870974465,0.12690640785136195,1.0,0.22316559170149042,-4.037174635000569e-16,0.0,0.500000000000001,-4.037174635000569e-16,0.0,0.500000000000001,-4.037174635000569e-16,0.0,0.500000000000001,-4.037174635000569e-16,0.0,0.500000000000001,0.007499226547997637,0.0,0.48171747253425656,0.1467269417162303,1.0,0.2054274131639221,-4.037174635000569e-16,0.0,0.500000000000001,-4.037174635000569e-16,0.0,0.500000000000001,2.041006088256836
R-CPI_bt,200,0.0,0.0,0.5,0.0,0.0,0.5,0.0,0.0,0.5,0.0,0.0,0.5,0.021482645593969337,1.0,0.4358856520962612,0.0,0.0,0.5,0.0,0.0,0.5,0.0,0.0,0.5,-0.012776662255443211,0.0,0.5282421980425508,0.0,0.0,0.5,0.0,0.0,0.5,0.0,0.0,0.5,0.3178557696288544,1.0,0.05272525790247139,0.0,0.0,0.5,0.0066021494247701295,0.0,0.4837010874362709,0.0,0.0,0.5,0.07632523528727524,1.0,0.31752547585164437,-0.0014207716973432564,0.0,0.503691654058752,0.48981491966922214,1.0,0.0011743235233501825,0.0,0.0,0.5,0.6394543647766113
R-CPI_bt,500,-0.0027925256480975202,0.0,0.5132746633683289,0.12440433853662154,1.0,0.039108595562896024,0.003975582957040319,0.0,0.4819506694283815,0.0006295404992147494,0.0,0.49672771562228407,0.001414895087616537,0.0,0.4924757201405044,0.000723578829911324,0.0,0.4961742264029816,0.0,0.0,0.5,0.006338529395265479,0.0,0.4691686894369175,0.20065574794459604,1.0,0.019242470167438967,0.13380312798360272,1.0,0.06821078466431445,0.0012690962988435508,0.0,0.4941387964618001,0.0,0.0,0.5,0.0,0.0,0.5,0.0,0.0,0.5,0.003979986313591219,0.0,0.4798581784415912,0.003994904968438865,0.0,0.4779709339514909,-0.002840789557595985,0.0,0.5159407926990083,-0.00976629082321313,0.0,0.5475501442861962,0.20219899664519597,1.0,0.030542529822085735,0.0,0.0,0.5,1.52406644821167
R-CPI_bt,1000,-4.037174635000569e-16,0.0,0.5000000000000048,-4.037174635000569e-16,0.0,0.5000000000000048,-4.037174635000569e-16,0.0,0.5000000000000046,-4.037174635000569e-16,0.0,0.5000000000000049,-4.037174635000569e-16,0.0,0.5000000000000047,-4.037174635000569e-16,0.0,0.5000000000000051,-4.037174635000569e-16,0.0,0.5000000000000044,0.2529855907961329,1.0,4.048030455547686e-11,-4.037174635000569e-16,0.0,0.5000000000000049,-4.037174635000569e-16,0.0,0.5000000000000049,0.32468746967996026,1.0,2.932390651369214e-11,0.12690640785136195,1.0,9.283333917038061e-05,-4.037174635000569e-16,0.0,0.5000000000000048,-4.037174635000569e-16,0.0,0.5000000000000046,-4.037174635000569e-16,0.0,0.5000000000000049,-4.037174635000569e-16,0.0,0.5000000000000048,0.007499226547997637,0.0,0.41061483501897744,0.1467269417162303,1.0,0.00026864676893539625,-4.037174635000569e-16,0.0,0.5000000000000048,-4.037174635000569e-16,0.0,0.5000000000000048,2.3284404277801514
R-CPI2,200,-8.7938457396052e-16,0.0,0.500000000000001,-8.7938457396052e-16,0.0,0.500000000000001,-8.7938457396052e-16,0.0,0.500000000000001,-8.7938457396052e-16,0.0,0.500000000000001,0.00403087857584549,1.0,0.49525343310836406,-8.7938457396052e-16,0.0,0.500000000000001,-8.7938457396052e-16,0.0,0.500000000000001,-8.7938457396052e-16,0.0,0.500000000000001,-0.012977239636902886,0.0,0.5150428236243425,-8.7938457396052e-16,0.0,0.500000000000001,-8.7938457396052e-16,0.0,0.500000000000001,-8.7938457396052e-16,0.0,0.500000000000001,0.3127048327361581,1.0,0.21839683278848432,-8.7938457396052e-16,0.0,0.500000000000001,0.004428132281875767,0.0,0.49490075842600084,-8.7938457396052e-16,0.0,0.500000000000001,0.006556801070554361,1.0,0.49278811854726534,0.008862637900803707,0.0,0.4899272899759526,0.48151704184505134,1.0,0.10699972726014623,-8.7938457396052e-16,0.0,0.500000000000001,0.8023037910461426
R-CPI2,500,-0.0018297309050730453,0.0,0.5027717439695487,0.12509465550056392,1.0,0.3216616740902805,0.004883772916904817,0.0,0.4926194140230743,-0.0013333018565754406,0.0,0.5020227944240101,0.0016964217082527922,0.0,0.49742588585420233,5.931159777530314e-05,0.0,0.4999071181965519,-4.3969228698026e-16,0.0,0.5000000000000007,0.003370560601733361,0.0,0.4948947156952511,0.18675461603130758,1.0,0.254130636265976,0.13350020469156867,1.0,0.33013960587266344,0.0010132211724775656,0.0,0.4984716965171942,-4.3969228698026e-16,0.0,0.5000000000000007,-4.3969228698026e-16,0.0,0.5000000000000007,-4.3969228698026e-16,0.0,0.5000000000000007,0.002889464912027886,0.0,0.49562714181611517,0.004184440643128292,0.0,0.493682488667573,-0.0047627571446818935,0.0,0.507241972341268,-0.006828898288589255,0.0,0.5105041923898236,0.21441697940201185,1.0,0.25007394961322654,-4.3969228698026e-16,0.0,0.5000000000000007,1.7786128520965576
R-CPI2,1000,0.0,0.0,0.5,0.0,0.0,0.5,0.0,0.0,0.5,0.0,0.0,0.5,0.0,0.0,0.5,0.0,0.0,0.5,0.0,0.0,0.5,0.2467094518247195,1.0,0.08870508240132963,0.0,0.0,0.5,0.0,0.0,0.5,0.333530481838773,1.0,0.054209049426979516,0.13448789816659773,1.0,0.21520646887547773,0.0,0.0,0.5,0.0,0.0,0.5,0.0,0.0,0.5,0.0,0.0,0.5,0.011411409364175566,0.0,0.4727353163779641,0.14405939835279852,1.0,0.2162542793825945,0.0,0.0,0.5,0.0,0.0,0.5,2.4731900691986084
R-CPI2_sqrt,200,-8.7938457396052e-16,0.0,0.5000000000000004,-8.7938457396052e-16,0.0,0.5000000000000004,-8.7938457396052e-16,0.0,0.5000000000000004,-8.7938457396052e-16,0.0,0.5000000000000004,0.00403087857584549,1.0,0.4977952000727149,-8.7938457396052e-16,0.0,0.5000000000000004,-8.7938457396052e-16,0.0,0.5000000000000004,-8.7938457396052e-16,0.0,0.5000000000000004,-0.012977239636902886,0.0,0.5070467301098511,-8.7938457396052e-16,0.0,0.5000000000000004,-8.7938457396052e-16,0.0,0.5000000000000004,-8.7938457396052e-16,0.0,0.5000000000000004,0.3127048327361581,1.0,0.3466137395596671,-8.7938457396052e-16,0.0,0.5000000000000004,0.004428132281875767,0.0,0.4976030430518843,-8.7938457396052e-16,0.0,0.5000000000000004,0.006556801070554361,1.0,0.4965274132718736,0.008862637900803707,0.0,0.49523215896314743,0.48151704184505134,1.0,0.2680031434283362,-8.7938457396052e-16,0.0,0.5000000000000004,0.7348520755767822
R-CPI2_sqrt,500,-0.0018297309050730453,0.0,0.501453620836404,0.12509465550056392,1.0,0.4029241211565993,0.004883772916904817,0.0,0.49612489084709976,-0.0013333018565754406,0.0,0.5010600750765892,0.0016964217082527922,0.0,0.498651101389999,5.931159777530314e-05,0.0,0.49995205889623245,-4.3969228698026e-16,0.0,0.5000000000000003,0.003370560601733361,0.0,0.4973224171535279,0.18675461603130758,1.0,0.3600297152501045,0.13350020469156867,1.0,0.40281670762689886,0.0010132211724775656,0.0,0.4991968607945601,-4.3969228698026e-16,0.0,0.5000000000000003,-4.3969228698026e-16,0.0,0.5000000000000003,-4.3969228698026e-16,0.0,0.5000000000000003,0.002889464912027886,0.0,0.49770563021973124,0.004184440643128292,0.0,0.4966815130038902,-0.0047627571446818935,0.0,0.5037912536131128,-0.006828898288589255,0.0,0.5054688881260642,0.21441697940201185,1.0,0.35008967948561054,-4.3969228698026e-16,0.0,0.5000000000000003,1.486377477645874
R-CPI2_sqrt,1000,0.0,0.0,0.5,0.0,0.0,0.5,0.0,0.0,0.5,0.0,0.0,0.5,0.0,0.0,0.5,0.0,0.0,0.5,0.0,0.0,0.5,0.2467094518247195,1.0,0.2503204549332329,0.0,0.0,0.5,0.0,0.0,0.5,0.333530481838773,1.0,0.19692593189859625,0.13448789816659773,1.0,0.35199452006987886,0.0,0.0,0.5,0.0,0.0,0.5,0.0,0.0,0.5,0.0,0.0,0.5,0.011411409364175566,0.0,0.48700443237123076,0.14405939835279852,1.0,0.34730969428485775,0.0,0.0,0.5,0.0,0.0,0.5,3.0263679027557373
R-CPI2_n,200,-8.7938457396052e-16,0.0,0.5000000000000009,-8.7938457396052e-16,0.0,0.5000000000000009,-8.7938457396052e-16,0.0,0.5000000000000009,-8.7938457396052e-16,0.0,0.5000000000000009,0.00403087857584549,1.0,0.4958683424341367,-8.7938457396052e-16,0.0,0.5000000000000009,-8.7938457396052e-16,0.0,0.5000000000000009,-8.7938457396052e-16,0.0,0.5000000000000009,-0.012977239636902886,0.0,0.5131208980234241,-8.7938457396052e-16,0.0,0.5000000000000009,-8.7938457396052e-16,0.0,0.5000000000000009,-8.7938457396052e-16,0.0,0.5000000000000009,0.3127048327361581,1.0,0.24478962522518755,-8.7938457396052e-16,0.0,0.5000000000000009,0.004428132281875767,0.0,0.49554862379605485,-8.7938457396052e-16,0.0,0.5000000000000009,0.006556801070554361,1.0,0.49366829948015234,0.008862637900803707,0.0,0.49119236954436274,0.48151704184505134,1.0,0.13576141424161775,-8.7938457396052e-16,0.0,0.5000000000000009,0.7626650333404541
R-CPI2_n,500,-0.0018297309050730453,0.0,0.502580674612762,0.12509465550056392,1.0,0.3329125333753158,0.004883772916904817,0.0,0.49312704810234564,-0.0013333018565754406,0.0,0.5018831565840657,0.0016964217082527922,0.0,0.49760360900763223,5.931159777530314e-05,0.0,0.49991372188841987,-4.3969228698026e-16,0.0,0.5000000000000007,0.003370560601733361,0.0,0.4952466048115327,0.18675461603130758,1.0,0.2680220786355318,0.13350020469156867,1.0,0.33979826020430115,0.0010132211724775656,0.0,0.4985766307280178,-4.3969228698026e-16,0.0,0.5000000000000007,-4.3969228698026e-16,0.0,0.5000000000000007,-4.3969228698026e-16,0.0,0.5000000000000007,0.002889464912027886,0.0,0.49592831041511437,0.004184440643128292,0.0,0.49411661314692557,-0.0047627571446818935,0.0,0.5067410193752993,-0.006828898288589255,0.0,0.5097697716898942,0.21441697940201185,1.0,0.26261540152948337,-4.3969228698026e-16,0.0,0.5000000000000007,1.4497880935668945
R-CPI2_n,1000,0.0,0.0,0.5,0.0,0.0,0.5,0.0,0.0,0.5,0.0,0.0,0.5,0.0,0.0,0.5,0.0,0.0,0.5,0.0,0.0,0.5,0.2467094518247195,1.0,0.10116093146323324,0.0,0.0,0.5,0.0,0.0,0.5,0.333530481838773,1.0,0.06331920146780776,0.13448789816659773,1.0,0.2289236605849625,0.0,0.0,0.5,0.0,0.0,0.5,0.0,0.0,0.5,0.0,0.0,0.5,0.011411409364175566,0.0,0.4743601166999179,0.14405939835279852,1.0,0.22901572411482685,0.0,0.0,0.5,0.0,0.0,0.5,2.371713876724243
R-CPI2_bt,200,-8.7938457396052e-16,0.0,0.5000000000000024,-8.7938457396052e-16,0.0,0.5000000000000021,-8.7938457396052e-16,0.0,0.5000000000000019,-8.7938457396052e-16,0.0,0.5000000000000023,0.00403087857584549,1.0,0.49005559300209434,-8.7938457396052e-16,0.0,0.500000000000002,-8.7938457396052e-16,0.0,0.5000000000000018,-8.7938457396052e-16,0.0,0.5000000000000019,-0.012977239636902886,0.0,0.5224739967228992,-8.7938457396052e-16,0.0,0.5000000000000022,-8.7938457396052e-16,0.0,0.500000000000002,-8.7938457396052e-16,0.0,0.5000000000000026,0.3127048327361581,1.0,0.0733268195458515,-8.7938457396052e-16,0.0,0.5000000000000022,0.004428132281875767,0.0,0.4905236708872259,-8.7938457396052e-16,0.0,0.5000000000000016,0.006556801070554361,1.0,0.4847820933393104,0.008862637900803707,0.0,0.4788051901538714,0.48151704184505134,1.0,0.006033039747118539,-8.7938457396052e-16,0.0,0.500000000000002,0.7846057415008545
R-CPI2_bt,500,-0.0018297309050730453,0.0,0.5080716211239948,0.12509465550056392,1.0,0.08504804157282336,0.004883772916904817,0.0,0.4789248317078375,-0.0013333018565754406,0.0,0.5069123902119933,0.0016964217082527922,0.0,0.49091487323855365,5.931159777530314e-05,0.0,0.499725170017185,-4.3969228698026e-16,0.0,0.5000000000000021,0.003370560601733361,0.0,0.48564755413741506,0.18675461603130758,1.0,0.023579854501066845,0.13350020469156867,1.0,0.09385942333004499,0.0010132211724775656,0.0,0.4951029242019254,-4.3969228698026e-16,0.0,0.5000000000000021,-4.3969228698026e-16,0.0,0.500000000000002,-4.3969228698026e-16,0.0,0.5000000000000019,0.002889464912027886,0.0,0.48869742991584636,0.004184440643128292,0.0,0.48350000123037945,-0.0047627571446818935,0.0,0.5202987078012892,-0.006828898288589255,0.0,0.5289898088132279,0.21441697940201185,1.0,0.022724101149159164,-4.3969228698026e-16,0.0,0.500000000000002,1.5155863761901855
R-CPI2_bt,1000,0.0,0.0,0.5,0.0,0.0,0.5,0.0,0.0,0.5,0.0,0.0,0.5,0.0,0.0,0.5,0.0,0.0,0.5,0.0,0.0,0.5,0.2467094518247195,1.0,1.86348098015645e-08,0.0,0.0,0.5,0.0,0.0,0.5,0.333530481838773,1.0,2.0115396294451582e-10,0.13448789816659773,1.0,8.961986192689925e-05,0.0,0.0,0.5,0.0,0.0,0.5,0.0,0.0,0.5,0.0,0.0,0.5,0.011411409364175566,0.0,0.3812300168645173,0.14405939835279852,1.0,0.0008376394384599352,0.0,0.0,0.5,0.0,0.0,0.5,2.7331960201263428
