method,n,imp_V0,tr_V0,pval0,imp_V1,tr_V1,pval1,imp_V2,tr_V2,pval2,imp_V3,tr_V3,pval3,imp_V4,tr_V4,pval4,imp_V5,tr_V5,pval5,imp_V6,tr_V6,pval6,imp_V7,tr_V7,pval7,imp_V8,tr_V8,pval8,imp_V9,tr_V9,pval9,tr_time
LOCO-W,200,-0.0006395361817619896,0.0,0.999999986451213,-0.024683828228559294,0.0,0.9999774740236864,0.9114578107170827,1.0,7.771561172376096e-16,-0.0010077830584751112,0.0,0.9999932270386719,0.005824243993840112,0.0,4.817749999386223e-05,-0.08206853418294786,0.0,0.9999999993748654,-0.0008200173118960521,0.0,0.9999990083607724,0.0008695749503022141,0.0,0.0014510402350498275,0.00031055485099470504,0.0,0.0008159975245779494,1.1355402687669596,1.0,0.0,29.405402183532715
LOCO-W,500,-0.000332804021700053,0.0,0.971933432909444,-0.0026144698079833394,0.0,0.9999980861057323,1.0677471905343234,1.0,0.0,0.0032176148001362113,0.0,1.823599993233671e-08,-0.00011382830922742899,0.0,0.8663294582177472,0.0003333218254820028,0.0,0.1593669777385358,-6.413267589754094e-05,0.0,0.6983559012465061,0.0002991234762022751,0.0,0.002172866551667929,0.0004294230091033572,0.0,0.0656073084308848,0.6792546518677861,1.0,2.1738166822160565e-13,51.01114249229431
LOCO-W,1000,-0.0015583295860117975,0.0,0.9999199092742046,-0.0015008282980154347,0.0,0.9999175563266522,0.7319828769366787,1.0,0.0,-0.0007825143978746801,0.0,0.9972222090872651,0.0007417221237973195,0.0,0.01420024658657315,0.0001000108211193623,0.0,0.36566174842830945,-0.000320369388797564,0.0,0.8551261741996743,0.0002495087822289466,0.0,0.18266222116357922,0.0014504982039872433,0.0,6.393862994347188e-05,1.4030786345309856,1.0,0.0,73.01160073280334
CPI,200,-0.0020078061967668676,0.0,0.5246284477614662,-0.0013459230294782104,0.0,0.5157681373005978,1.3099120643183557,1.0,0.0005526666868430716,0.008367666665092158,0.0,0.4033709147227466,0.0065445650798704735,0.0,0.4259309340510838,-5.03929852900542e-06,0.0,0.5000631799125892,0.00017004559146850673,0.0,0.49791577137129817,-0.0003510861821662964,0.0,0.5043143077111016,0.00013333357062195184,0.0,0.49834278838940027,1.7653676224592885,1.0,2.400715001269775e-06,3.8973548412323
CPI,500,-0.0005168118529268115,0.0,0.5144912118767943,-0.000565781184839978,0.0,0.516001344732597,1.3056277584531626,1.0,1.1005465635903574e-08,-0.0003798962346713286,0.0,0.5106501484270398,0.0011038844664152947,0.0,0.4704205227691385,-0.0014976001080858128,0.0,0.5453389453405423,0.00030352844842444077,0.0,0.49158394574665365,2.0303746597082062e-05,0.0,0.4994335797434988,-0.00023421542446223215,0.0,0.506410182819675,1.366069769314686,1.0,3.769750412252932e-09,4.320562362670898
CPI,1000,9.092771498361504e-05,0.0,0.4956939314484099,0.002088977241472431,0.0,0.41404344592388376,1.6340892571469732,1.0,7.996781743544288e-13,-0.004001560799919337,0.0,0.6954283407150523,0.00041122111545875695,0.0,0.48032091394919385,-0.0003796171789035574,0.0,0.5182331880362179,-5.487852356043932e-05,0.0,0.5026025665592238,0.0001772191114110186,0.0,0.4916094123822108,3.5012462874951106e-05,0.0,0.49828501442753514,1.614413844197878,1.0,4.591681486932891e-11,6.123788118362427
CPI_sqrt,200,-0.0020078061967668676,0.0,0.5127370922043155,-0.0013459230294782104,0.0,0.508334796775438,1.3099120643183557,1.0,0.0012113569632386232,0.008367666665092158,0.0,0.44845228127646836,0.0065445650798704735,0.0,0.4601563218754701,-5.03929852900542e-06,0.0,0.5000323245714943,0.00017004559146850673,0.0,0.4989218678119702,-0.0003510861821662964,0.0,0.5022289464944836,0.00013333357062195184,0.0,0.49914853001630477,1.7653676224592885,1.0,1.1191785063647937e-05,3.9005110263824463
CPI_sqrt,500,-0.0005168118529268115,0.0,0.5082147374091891,-0.000565781184839978,0.0,0.5090370886954431,1.3056277584531626,1.0,4.488514264684704e-08,-0.0003798962346713286,0.0,0.5060376673146619,0.0011038844664152947,0.0,0.482900667437737,-0.0014976001080858128,0.0,0.5248558988491121,0.00030352844842444077,0.0,0.49520617982941434,2.0303746597082062e-05,0.0,0.4996782192427219,-0.00023421542446223215,0.0,0.503671680539513,1.366069769314686,1.0,1.653223489027626e-08,4.297880172729492
CPI_sqrt,1000,9.092771498361504e-05,0.0,0.4974254346984012,0.002088977241472431,0.0,0.445647727344979,1.6340892571469732,1.0,2.6623677346166253e-12,-0.004001560799919337,0.0,0.6166097530417208,0.00041122111545875695,0.0,0.4882824969115216,-0.0003796171789035574,0.0,0.510840363197444,-5.487852356043932e-05,0.0,0.5015551641027562,0.0001772191114110186,0.0,0.49498278894801523,3.5012462874951106e-05,0.0,0.4989885835896653,1.614413844197878,1.0,1.1810214551524543e-10,6.060389518737793
CPI_n,200,-0.0020078061967668676,0.0,0.5219799022620145,-0.0013459230294782104,0.0,0.5141402349777275,1.3099120643183557,1.0,0.0006174460147397463,0.008367666665092158,0.0,0.4131413840055636,0.0065445650798704735,0.0,0.43331074558726834,-5.03929852900542e-06,0.0,0.50005624834165,0.00017004559146850673,0.0,0.49813986785024206,-0.0003510861821662964,0.0,0.5038493721701066,0.00013333357062195184,0.0,0.49852320279938656,1.7653676224592885,1.0,2.9872033512914843e-06,3.9053828716278076
CPI_n,500,-0.0005168118529268115,0.0,0.5136403368841892,-0.000565781184839978,0.0,0.5150542039928107,1.3056277584531626,1.0,1.2433692366257639e-08,-0.0003798962346713286,0.0,0.510024862173276,0.0011038844664152947,0.0,0.472083584746619,-0.0014976001080858128,0.0,0.5424828876404392,0.00030352844842444077,0.0,0.49207298829753365,2.0303746597082062e-05,0.0,0.4994666855503032,-0.00023421542446223215,0.0,0.5060422293649888,1.366069769314686,1.0,4.2854974038817706e-09,4.300537586212158
CPI_n,1000,9.092771498361504e-05,0.0,0.49585488204450756,0.002088977241472431,0.0,0.4168281539722364,1.6340892571469732,1.0,8.592245139119623e-13,-0.004001560799919337,0.0,0.6882103790164185,0.00041122111545875695,0.0,0.4810636512738526,-0.0003796171789035574,0.0,0.5175425614285541,-5.487852356043932e-05,0.0,0.5025051550604176,0.0001772191114110186,0.0,0.4919229453181918,3.5012462874951106e-05,0.0,0.49835123228875816,1.614413844197878,1.0,4.857483774811697e-11,6.120329141616821
R-CPI,200,-0.0013800304582983506,0.0,0.5092486279759053,-0.004973153021917218,0.0,0.5330131542201113,1.8818630237060854,1.0,0.0007132281491997068,0.005649423327131223,0.0,0.46217693909351626,0.0007938698546993997,0.0,0.4948933466955517,-0.00016025886661464266,0.0,0.5010857533073538,-0.0003329228620801226,0.0,0.5022399081408488,-0.0010529360431727425,0.0,0.5070926779671902,-0.00018785355146738736,0.0,0.5012794574862678,1.5763421860920301,1.0,0.00010807352408373602,3.9005677700042725
R-CPI,500,0.000203932157049361,0.0,0.49688465213554234,-0.0009718305788328344,0.0,0.5152438224690452,1.3412008730510414,1.0,1.213097238156392e-08,-0.0004570201999256921,0.0,0.5068653952454917,0.0013472578420110778,0.0,0.4799760851720236,-0.0021102108858349973,0.0,0.5341528901938228,0.0017052703028542933,0.0,0.47401604024763744,0.0003466324651183789,0.0,0.494795424174031,-6.09024222786303e-05,0.0,0.5009117476181602,1.3489273298426951,1.0,3.540693178692488e-08,4.301326513290405
R-CPI,1000,2.5668166852553393e-06,0.0,0.4999330944885453,0.0033960463946122103,0.0,0.4217958692084299,1.485089324096839,1.0,2.2268626310927509e-10,-0.007424932403518634,0.0,0.7042488895981948,-0.00036255258205840737,0.0,0.5097541038749279,-0.00039636361410283103,0.0,0.51041467163583,-0.0001588352398402725,0.0,0.5041581081693098,0.00029296248528471787,0.0,0.4923432119752032,-0.0013373646047337517,0.0,0.536793272345394,1.9120013608229771,1.0,3.164143414609466e-11,6.0731799602508545
R-CPI_sqrt,200,-0.0013800304582983506,0.0,0.5061240553449626,-0.004973153021917218,0.0,0.5219352714139069,1.8818630237060854,1.0,0.0012102233863706745,0.005649423327131223,0.0,0.47493873522471136,0.0007938698546993997,0.0,0.4965721233722135,-0.00016025886661464266,0.0,0.5007162816055192,-0.0003329228620801226,0.0,0.501481185349742,-0.0010529360431727425,0.0,0.5046883204144461,-0.00018785355146738736,0.0,0.5008425494710403,1.5763421860920301,1.0,0.0002769810575039467,3.9279446601867676
R-CPI_sqrt,500,0.000203932157049361,0.0,0.4978003843908734,-0.0009718305788328344,0.0,0.5106794422153664,1.3412008730510414,1.0,4.721250337318945e-08,-0.0004570201999256921,0.0,0.5048712416271953,0.0013472578420110778,0.0,0.4857473214160165,-0.0021102108858349973,0.0,0.5237058710993819,0.0017052703028542933,0.0,0.48163740624422713,0.0003466324651183789,0.0,0.4963066560776168,-6.09024222786303e-05,0.0,0.5006475550925706,1.3489273298426951,1.0,1.2037278951214107e-07,4.3039939403533936
R-CPI_sqrt,1000,2.5668166852553393e-06,0.0,0.4999511700895709,0.0033960463946122103,0.0,0.4409974967182065,1.485089324096839,1.0,5.566094908514649e-10,-0.007424932403518634,0.0,0.6483035639936918,-0.00036255258205840737,0.0,0.5070576861212789,-0.00039636361410283103,0.0,0.5075846431814512,-0.0001588352398402725,0.0,0.5030311829157459,0.00029296248528471787,0.0,0.4944158101764589,-0.0013373646047337517,0.0,0.5264640004043302,1.9120013608229771,1.0,7.200095290088587e-11,6.143844842910767
R-CPI_n,200,-0.0013800304582983506,0.0,0.5086770972115318,-0.004973153021917218,0.0,0.5309930848484962,1.8818630237060854,1.0,0.0007669572236700133,0.005649423327131223,0.0,0.4645091562078036,0.0007938698546993997,0.0,0.49519701545414435,-0.00016025886661464266,0.0,0.5010179650490597,-0.0003329228620801226,0.0,0.5021009712502751,-0.0010529360431727425,0.0,0.5066522562026059,-0.00018785355146738736,0.0,0.5011991783747743,1.5763421860920301,1.0,0.00012336817425125058,3.9230246543884277
R-CPI_n,500,0.000203932157049361,0.0,0.49698706732308695,-0.0009718305788328344,0.0,0.5147298294438092,1.3412008730510414,1.0,1.364684888702359e-08,-0.0004570201999256921,0.0,0.5066433433555779,0.0013472578420110778,0.0,0.48061685801791415,-0.0021102108858349973,0.0,0.5329670496379619,0.0017052703028542933,0.0,0.47486758434612525,0.0003466324651183789,0.0,0.4949636821592958,-6.09024222786303e-05,0.0,0.5008823547933672,1.3489273298426951,1.0,3.935761390515584e-08,4.348649501800537
R-CPI_n,1000,2.5668166852553393e-06,0.0,0.4999344944759127,0.0033960463946122103,0.0,0.4232360380280036,1.485089324096839,1.0,2.351937330653865e-10,-0.007424932403518634,0.0,0.6999530086027373,-0.00036255258205840737,0.0,0.5095435974809219,-0.00039636361410283103,0.0,0.5101950515405805,-0.0001588352398402725,0.0,0.5040707320228933,0.00029296248528471787,0.0,0.4925038418777136,-0.0013373646047337517,0.0,0.5359827086680372,1.9120013608229771,1.0,3.322228413246347e-11,6.068624258041382
R-CPI2,200,-0.0019092887423278132,0.0,0.511762315419558,-0.006043168189642514,0.0,0.5369260633028188,1.9194242396173984,1.0,0.000571340829670967,0.0032665648641138803,0.0,0.4795689006924535,0.00186846476931844,0.0,0.4889625221309062,3.15549240406088e-06,0.0,0.49998038579845827,-0.0004306391704298935,0.0,0.5026598570662425,-0.0010296553236582356,0.0,0.5063690436915892,-0.0004782244470283606,0.0,0.5029892645038276,1.615279316048939,1.0,7.725409865848721e-05,3.9721498489379883
R-CPI2,500,0.00014702212988076396,0.0,0.4979398582931177,-0.0011244241384098129,0.0,0.5161353002261166,1.4236724776437326,1.0,1.2340321723900146e-08,-0.001531774648373028,0.0,0.5212857239512007,0.0014623186614758624,0.0,0.4800057389080002,-0.0018367802561630208,0.0,0.5268722804779815,0.002039543026597019,0.0,0.4715974458643919,0.0005526647517183358,0.0,0.4924737743589767,0.00028550635402935286,0.0,0.4960622447330683,1.3343007464422505,1.0,3.348633617706297e-07,4.402231693267822
R-CPI2,1000,5.509002364110771e-05,0.0,0.4986809563397558,0.0032586549219375716,0.0,0.4303179196871965,1.3887713014483636,1.0,8.16374071701762e-10,-0.00759449211660167,0.0,0.691856908097466,-0.0002699051592088259,0.0,0.5066150572088342,-0.00043367381143418545,0.0,0.510447457959005,-0.00016939055294870085,0.0,0.5040702085388171,0.000316110203149685,0.0,0.4924208971013736,-0.0014956632551876834,0.0,0.5379574228236192,1.8581859066519575,1.0,1.0327974016651634e-11,6.224364757537842
R-CPI2_sqrt,200,-0.0019092887423278132,0.0,0.5080070564238225,-0.006043168189642514,0.0,0.5252095668282531,1.9194242396173984,1.0,0.0009887999134400572,0.0032665648641138803,0.0,0.486158340792816,0.00186846476931844,0.0,0.49238643881769234,3.15549240406088e-06,0.0,0.4999866864554034,-0.0004306391704298935,0.0,0.5018091156796303,-0.0010296553236582356,0.0,0.5043299367263975,-0.0004782244470283606,0.0,0.5020253800313985,1.615279316048939,1.0,0.00020591557007231114,3.9832258224487305
R-CPI2_sqrt,500,0.00014702212988076396,0.0,0.4985091652543468,-0.0011244241384098129,0.0,0.5115998673555027,1.4236724776437326,1.0,4.451272372773922e-08,-0.001531774648373028,0.0,0.5154404206144574,0.0014623186614758624,0.0,0.48543230951228916,-0.0018367802561630208,0.0,0.5192152275794268,0.002039543026597019,0.0,0.47940772275127314,0.0005526647517183358,0.0,0.49451084528173683,0.00028550635402935286,0.0,0.4971379783358715,1.3343007464422505,1.0,8.918040202080577e-07,4.421198844909668
R-CPI2_sqrt,1000,5.509002364110771e-05,0.0,0.4990156657932023,0.0032586549219375716,0.0,0.4465007789614125,1.3887713014483636,1.0,1.979858429216609e-09,-0.00759449211660167,0.0,0.6423537399919553,-0.0002699051592088259,0.0,0.504907113548008,-0.00043367381143418545,0.0,0.5077844240146262,-0.00016939055294870085,0.0,0.5030346578362809,0.000316110203149685,0.0,0.4943460047408942,-0.0014956632551876834,0.0,0.5279095836225886,1.8581859066519575,1.0,2.5647580306598842e-11,6.287280797958374
R-CPI2_n,200,-0.0019092887423278132,0.0,0.5110908265943113,-0.006043168189642514,0.0,0.5348366222141155,1.9194242396173984,1.0,0.000616053870662457,0.0032665648641138803,0.0,0.4807517403432163,0.00186846476931844,0.0,0.48956815138164633,3.15549240406088e-06,0.0,0.4999815151580703,-0.0004306391704298935,0.0,0.5025076212981775,-0.0010296553236582356,0.0,0.506004020744632,-0.0004782244470283606,0.0,0.5028162385699534,1.615279316048939,1.0,8.867458848299149e-05,3.9577603340148926
R-CPI2_n,500,0.00014702212988076396,0.0,0.4980021504910528,-0.0011244241384098129,0.0,0.5156361622613246,1.4236724776437326,1.0,1.3786071063450326e-08,-0.001531774648373028,0.0,0.5206475767484255,0.0014623186614758624,0.0,0.48059585778783354,-0.0018367802561630208,0.0,0.5260256600866572,0.002039543026597019,0.0,0.4724504301578851,0.0005526647517183358,0.0,0.4926951155200608,0.00028550635402935286,0.0,0.4961794927484452,1.3343007464422505,1.0,3.6433209867426535e-07,4.38334846496582
R-CPI2_n,1000,5.509002364110771e-05,0.0,0.49870635321591844,0.0032586549219375716,0.0,0.43151265301258823,1.3887713014483636,1.0,8.607235260736623e-10,-0.00759449211660167,0.0,0.6881216106794388,-0.0002699051592088259,0.0,0.5064847479839626,-0.00043367381143418545,0.0,0.5102451119689245,-0.00016939055294870085,0.0,0.5039915686588113,0.000316110203149685,0.0,0.49256701257641217,-0.0014956632551876834,0.0,0.5371848080483856,1.8581859066519575,1.0,1.090116871416879e-11,6.208681344985962
LOCO,200,0.000831755858564015,0.0,0.49460410829883283,0.007020044008996668,0.0,0.4593499413573969,2.4298809292504773,1.0,0.0001174078998325027,-0.00010603389181865208,0.0,0.5007004320252667,-0.0041194734974946134,0.0,0.5255180207019081,0.006450738588539812,0.0,0.4617457310011396,-0.005950572001765825,0.0,0.5398676727025006,0.004595109661450297,0.0,0.47170757262820345,-0.009577457476671825,0.0,0.5657112515343488,2.2344875088679474,1.0,0.00032060153848341454,15.23663592338562
LOCO,500,-0.0005828665182292248,0.0,0.5083904960095097,0.0012754076640264234,0.0,0.4822081435305103,1.7120497627574176,1.0,2.611143973020983e-10,-0.0031439459446089557,0.0,0.543985425085727,0.00016086806929856146,0.0,0.49775904218666706,-0.002537394279589378,0.0,0.5379479276109792,0.006405596625360291,0.0,0.4226670217315954,0.0019308445502215915,0.0,0.47419968676650925,0.0015743445416088464,0.0,0.4781870006648616,1.8776887815236398,1.0,3.037130210381427e-07,14.519394636154175
LOCO,1000,-0.005725660401843913,0.0,0.6406617015685445,-0.011842248616814093,0.0,0.8038370545550978,1.5585190941605425,1.0,7.202598717093475e-12,-0.015567841158782257,0.0,0.877547782314436,-0.008513371872430626,0.0,0.7298047574695392,0.003012332684153532,0.0,0.43514641155328604,-0.010215148772011837,0.0,0.7487135941534399,-0.008915290250276403,0.0,0.7187868953825621,0.016346012098882853,0.0,0.21216180927671852,2.126650238068434,1.0,9.624835275968858e-11,21.075878620147705
LOCO_sqrt,200,0.000831755858564015,0.0,0.49638807256419215,0.007020044008996668,0.0,0.47177742111371423,2.4298809292504773,1.0,0.00021856638127380236,-0.00010603389181865208,0.0,0.500466043537555,-0.0041194734974946134,0.0,0.5173426452098508,0.006450738588539812,0.0,0.4736363514497871,-0.005950572001765825,0.0,0.5264106403925904,0.004595109661450297,0.0,0.48073386292315756,-0.009577457476671825,0.0,0.5432081995553335,2.2344875088679474,1.0,0.0005527756715013842,15.137586832046509
LOCO_sqrt,500,-0.0005828665182292248,0.0,0.5060264298248217,0.0012754076640264234,0.0,0.4871080718904886,1.7120497627574176,1.0,1.1399027933924997e-09,-0.0031439459446089557,0.0,0.5318570369176748,0.00016086806929856146,0.0,0.49837568783755226,-0.002537394279589378,0.0,0.5269682430055384,0.006405596625360291,0.0,0.44174277400274203,0.0019308445502215915,0.0,0.48108432622350117,0.0015743445416088464,0.0,0.484164246064829,1.8776887815236398,1.0,6.211206565596208e-07,14.6382896900177
LOCO_sqrt,1000,-0.005725660401843913,0.0,0.6047133659470875,-0.011842248616814093,0.0,0.728072742023788,1.5585190941605425,1.0,2.1707823717364876e-11,-0.015567841158782257,0.0,0.7930501699197501,-0.008513371872430626,0.0,0.6682158675852476,0.003012332684153532,0.0,0.4502928149753288,-0.010215148772011837,0.0,0.687478942011655,-0.008915290250276403,0.0,0.6639942887844369,0.016346012098882853,0.0,0.26576250812739555,2.126650238068434,1.0,1.9125194272365072e-10,20.984270811080933
LOCO_n,200,0.000831755858564015,0.0,0.49492754277952294,0.007020044008996668,0.0,0.4615355838207953,2.4298809292504773,1.0,0.00012780574099553835,-0.00010603389181865208,0.0,0.5006577269272762,-0.0041194734974946134,0.0,0.5240543853561458,0.006450738588539812,0.0,0.46384981241930534,-0.005950572001765825,0.0,0.5374081004076096,0.004595109661450297,0.0,0.473320871877723,-0.009577457476671825,0.0,0.5615764486979496,2.2344875088679474,1.0,0.00034536531475106835,15.153955459594727
LOCO_n,500,-0.0005828665182292248,0.0,0.5081300956830314,0.0012754076640264234,0.0,0.4827436201938413,1.7120497627574176,1.0,2.96408056560958e-10,-0.0031439459446089557,0.0,0.5426600010219069,0.00016086806929856146,0.0,0.4978264167955164,-0.002537394279589378,0.0,0.5367274963013073,0.006405596625360291,0.0,0.42467792238186897,0.0019308445502215915,0.0,0.4749441622641967,0.0015743445416088464,0.0,0.4788390769026608,1.8776887815236398,1.0,3.2271606206943794e-07,14.585814952850342
LOCO_n,1000,-0.005725660401843913,0.0,0.6379423312701484,-0.011842248616814093,0.0,0.7983274334199562,1.5585190941605425,1.0,7.69308546651323e-12,-0.015567841158782257,0.0,0.8718295608705011,-0.008513371872430626,0.0,0.7251307879767053,0.003012332684153532,0.0,0.4362665577618311,-0.010215148772011837,0.0,0.7442024193987145,-0.008915290250276403,0.0,0.7147065294323409,0.016346012098882853,0.0,0.21582529575078585,2.126650238068434,1.0,1.0023463894835073e-10,21.06523585319519
LOCO-W,200,-0.004823400669814863,0.0,0.9999182063352887,0.8774510425973094,1.0,0.0,-0.000749000405439843,0.0,0.999999005141198,0.028664964618308315,0.0,0.0002589962283569003,0.5188849892829297,1.0,6.669652985458185e-07,0.0007716417688670325,0.0,1.978009936198788e-05,-0.00042688080903095684,0.0,0.9977271054473259,-0.00036149840256400484,0.0,0.9175182671114037,0.0011559273780165282,0.0,0.000759730117334767,-0.02247367218167422,0.0,0.9992980792156666,30.148688554763794
LOCO-W,500,0.0007294156937376981,0.0,0.046695871123197175,0.35533761942868924,1.0,3.2862601528904634e-14,5.3885878217814006e-05,0.0,0.3644948297108819,-0.0034932037955202264,0.0,0.999999986236777,1.0218361972030752,1.0,0.0,0.0013617065342323798,0.0,2.5812137168790272e-06,-0.0001288703037111583,0.0,0.8327862458964929,0.0009433859560552571,0.0,0.0005302829630832173,2.214370340389638e-05,0.0,0.4716524343345109,0.0001216808638557665,0.0,0.19965139168308166,49.915284156799316
LOCO-W,1000,-2.4841200145529827e-05,0.0,0.5305510177385436,1.192863620905693,1.0,0.0,0.0023704731287326943,0.0,3.018588640824049e-06,-0.004293778829651711,0.0,0.9999996400090068,1.0549133961353967,1.0,0.0,-0.0010373463122190264,0.0,0.9954659955721045,0.0015658662876810215,0.0,0.00018383580123948473,-0.00033222903403438075,0.0,0.8856094541116788,-0.00028469472829124713,0.0,0.8000470977399952,-0.0020061118212905734,0.0,0.9999984264395878,72.294109582901
CPI,200,0.0014328787643006838,0.0,0.47141033553706996,1.2181698327779915,1.0,0.0001669156032273243,-0.0009818853886648868,0.0,0.5198609255425382,0.001259778924180284,0.0,0.47545347052738424,1.564036340604835,1.0,0.001176591165171133,-0.0015957213989628918,0.0,0.5330732662887527,4.606234647173274e-05,0.0,0.4990611476379688,0.002709065527197109,0.0,0.44773506794973406,-0.00013584715222918903,0.0,0.5027070118005925,0.0016755242373018078,0.0,0.4672483535403783,2.5923221111297607
CPI,500,0.0005084491408516092,0.0,0.4735508120980405,1.655250692533729,1.0,7.058300140189445e-10,-0.00044923688976217235,0.0,0.5238043294764189,0.002489927667320313,0.0,0.3834788734574532,1.3697077410276493,1.0,4.4196099755249887e-10,0.004920159027633292,0.0,0.2976570348902935,-0.00030244859485521053,0.0,0.5164755756084293,-0.0017288279216291225,0.0,0.5973008727569977,-0.000796425105057938,0.0,0.5432880576472429,-0.0005090232332089911,0.0,0.5269178035371481,4.3789589405059814
CPI,1000,-0.00021317334156961687,0.0,0.5033610864123559,1.847765267037973,1.0,7.991488208923485e-11,0.005013111838009801,0.0,0.4217305452575921,-7.445939760271358e-06,0.0,0.5001177294624249,1.815595980099416,1.0,8.34009533258362e-12,-0.00017698195024467428,0.0,0.5027876740178561,0.0006216096520760758,0.0,0.4903590609234012,0.00023650667443363138,0.0,0.49631118782419004,0.0001103553481506328,0.0,0.49827304394436583,3.870448558670331e-05,0.0,0.49939180181729426,6.64382266998291
CPI_sqrt,200,0.0014328787643006838,0.0,0.48723893840650206,1.2181698327779915,1.0,0.00041402307569363595,-0.0009818853886648868,0.0,0.5087969228382022,0.001259778924180284,0.0,0.48890009529471384,1.564036340604835,1.0,0.0018562636919458662,-0.0015957213989628918,0.0,0.5144530625451175,4.606234647173274e-05,0.0,0.49958596619686696,0.002709065527197109,0.0,0.4762242409311834,-0.00013584715222918903,0.0,0.5012088898476427,0.0016755242373018078,0.0,0.48521384972213566,2.571741819381714
CPI_sqrt,500,0.0005084491408516092,0.0,0.4898511008524075,1.655250692533729,1.0,3.4552968304790583e-09,-0.00044923688976217235,0.0,0.5090300462500467,0.002489927667320313,0.0,0.4521804208732597,1.3697077410276493,1.0,3.1457941992148363e-09,0.004920159027633292,0.0,0.40984157505457064,-0.00030244859485521053,0.0,0.5061425684061055,-0.0017288279216291225,0.0,0.5356177860260423,-0.000796425105057938,0.0,0.5161679212849831,-0.0005090232332089911,0.0,0.5102243504157586,4.3724658489227295
CPI_sqrt,1000,-0.00021317334156961687,0.0,0.5027186580359193,1.847765267037973,1.0,1.8521330054983604e-10,0.005013111838009801,0.0,0.43650904064653206,-7.445939760271358e-06,0.0,0.5000951756908262,1.815595980099416,1.0,2.2524328106787173e-11,-0.00017698195024467428,0.0,0.5022552750849717,0.0006216096520760758,0.0,0.49217730160598055,0.00023650667443363138,0.0,0.49701009958860043,0.0001103553481506328,0.0,0.49860113238011095,3.870448558670331e-05,0.0,0.4995077355152788,6.51318883895874
CPI_n,200,0.0014328787643006838,0.0,0.47535534412592806,1.2181698327779915,1.0,0.00018970890095181003,-0.0009818853886648868,0.0,0.5170869895518491,0.001259778924180284,0.0,0.4787724527441474,1.564036340604835,1.0,0.0012523245813289086,-0.0015957213989628918,0.0,0.5283588532590082,4.606234647173274e-05,0.0,0.49919317839431887,0.002709065527197109,0.0,0.45472973386801563,-0.00013584715222918903,0.0,0.502333657954659,0.0016755242373018078,0.0,0.47168736725926863,2.580104112625122
CPI_n,500,0.0005084491408516092,0.0,0.4766162049849396,1.655250692533729,1.0,8.099652665734692e-10,-0.00044923688976217235,0.0,0.520999822040147,0.002489927667320313,0.0,0.39563322151948294,1.3697077410276493,1.0,5.250372642217015e-10,0.004920159027633292,0.0,0.3159273368371338,-0.00030244859485521053,0.0,0.5144861749743701,-0.0017288279216291225,0.0,0.5853019481853946,-0.000796425105057938,0.0,0.5380781100867995,-0.0005090232332089911,0.0,0.5237525464974041,4.357564449310303
CPI_n,1000,-0.00021317334156961687,0.0,0.5033158484263693,1.847765267037973,1.0,8.400631066080305e-11,0.005013111838009801,0.0,0.4227672484498436,-7.445939760271358e-06,0.0,0.500116140490703,1.815595980099416,1.0,8.84818279719276e-12,-0.00017698195024467428,0.0,0.502750190599287,0.0006216096520760758,0.0,0.4904867215435874,0.00023650667443363138,0.0,0.4963603089632991,0.0001103553481506328,0.0,0.4982961163759797,3.870448558670331e-05,0.0,0.4993999606913613,6.5646562576293945
R-CPI,200,0.003186247837346337,0.0,0.4655261712569493,0.8943019412291906,1.0,0.0001047533912196809,0.0005086111116423996,0.0,0.49439338430908986,-0.008552978879265188,0.0,0.6064160636027032,1.4745403898638925,1.0,7.01915024802765e-05,-0.00024142200281151237,0.0,0.5026890566958205,0.000318960901571037,0.0,0.49650701466824465,-0.005833068783215714,0.0,0.5619543725918621,-0.0012165634908776026,0.0,0.5134942933916274,0.0006289631070979039,0.0,0.493179139953232,2.617095470428467
R-CPI,500,0.002981414047739611,0.0,0.4164896648535449,1.5989246838268145,1.0,9.855469502067385e-10,-0.0005231312077361414,0.0,0.5155762991424298,0.0026020420405228517,0.0,0.42949861890395696,1.3463265936008963,1.0,7.550489382874573e-11,0.006135767208178935,0.0,0.3467141276162346,-2.684194394305218e-05,0.0,0.5007899001270923,-0.0019713899001671327,0.0,0.560179219543246,-0.0008436347317031498,0.0,0.5251388277790443,-0.0005706228300805174,0.0,0.516442228301544,4.3983094692230225
R-CPI,1000,-0.0002597137671615159,0.0,0.502245604080356,1.7832218689372448,1.0,1.6332063294056935e-08,0.006109391345268402,0.0,0.4482799849632564,-4.5136256025068485e-05,0.0,0.5003910191451622,1.8453713492547867,1.0,7.49742690525253e-12,-0.0001566401835733442,0.0,0.5013523238751327,0.0004301759359504054,0.0,0.49631400383862884,-0.0007558063338807996,0.0,0.5065381528777401,0.00012033157043890196,0.0,0.49896117645557686,-0.00020737648172425294,0.0,0.5017966076158678,6.556995630264282
R-CPI_sqrt,200,0.003186247837346337,0.0,0.47938624333515845,0.8943019412291906,1.0,0.0003875510644249741,0.0005086111116423996,0.0,0.49667368510342214,-0.008552978879265188,0.0,0.5601735124572784,1.4745403898638925,1.0,0.0001729480856184519,-0.00024142200281151237,0.0,0.5015886223277279,0.000318960901571037,0.0,0.49792213942626923,-0.005833068783215714,0.0,0.5373460627631966,-0.0012165634908776026,0.0,0.5079859932560553,0.0006289631070979039,0.0,0.49592640852455927,2.5903592109680176
R-CPI_sqrt,500,0.002981414047739611,0.0,0.45514152922416273,1.5989246838268145,1.0,4.875386509934404e-09,-0.0005231312077361414,0.0,0.5081149645432748,0.0026020420405228517,0.0,0.46156702602111066,1.3463265936008963,1.0,7.252335450992642e-10,0.006135767208178935,0.0,0.4129230616753927,-2.684194394305218e-05,0.0,0.500413809605664,-0.0019713899001671327,0.0,0.5310054791753793,-0.0008436347317031498,0.0,0.5130933326127248,-0.0005706228300805174,0.0,0.5087006275898541,4.523666858673096
R-CPI_sqrt,1000,-0.0002597137671615159,0.0,0.5019879856474808,1.7832218689372448,1.0,2.881924366505914e-08,0.006109391345268402,0.0,0.45409036504948086,-4.5136256025068485e-05,0.0,0.5003460844300889,1.8453713492547867,1.0,2.0068509806347103e-11,-0.0001566401835733442,0.0,0.5011973920399743,0.0004301759359504054,0.0,0.49673348755772523,-0.0007558063338807996,0.0,0.5057877957207342,0.00012033157043890196,0.0,0.49908018781744845,-0.00020737648172425294,0.0,0.501590138587392,6.556314945220947
R-CPI_n,200,0.003186247837346337,0.0,0.468278564846235,0.8943019412291906,1.0,0.00012675432432654332,0.0005086111116423996,0.0,0.4948492327035441,-0.008552978879265188,0.0,0.596848620907029,1.4745403898638925,1.0,7.960028054929672e-05,-0.00024142200281151237,0.0,0.5024683229358762,0.000318960901571037,0.0,0.4967893073595264,-0.005833068783215714,0.0,0.5571031032280535,-0.0012165634908776026,0.0,0.5123909969262967,0.0006289631070979039,0.0,0.4937254321655294,2.5702524185180664
R-CPI_n,500,0.002981414047739611,0.0,0.42196338691835045,1.5989246838268145,1.0,1.1322096327772487e-09,-0.0005231312077361414,0.0,0.5144887008639916,0.0026020420405228517,0.0,0.4339866633394188,1.3463265936008963,1.0,9.217055925114587e-11,0.006135767208178935,0.0,0.35558879769680984,-2.684194394305218e-05,0.0,0.5007353331119654,-0.0019713899001671327,0.0,0.555892081775028,-0.0008436347317031498,0.0,0.5233828901551368,-0.0005706228300805174,0.0,0.5153287262774796,4.3762946128845215
R-CPI_n,1000,-0.0002597137671615159,0.0,0.5022289278141334,1.7832218689372448,1.0,1.6890685071308307e-08,0.006109391345268402,0.0,0.4486550512997215,-4.5136256025068485e-05,0.0,0.5003881098089333,1.8453713492547867,1.0,7.949757915585e-12,-0.0001566401835733442,0.0,0.5013422963905192,0.0004301759359504054,0.0,0.4963411317451302,-0.0007558063338807996,0.0,0.506489578348501,0.00012033157043890196,0.0,0.49896887907055487,-0.00020737648172425294,0.0,0.5017832395419519,6.579191207885742
R-CPI2,200,0.0032324702569197644,0.0,0.46785224568975703,0.964378403387474,1.0,4.2711897615472644e-05,0.0002891143504770001,0.0,0.49709006668745365,-0.006135851803285721,0.0,0.5659905018865763,1.3021917739399675,1.0,0.00010756839107270572,0.0005226349814408415,0.0,0.49470696220270344,-0.00021681619313109065,0.0,0.5021964083388342,-0.005319223688273966,0.0,0.5518231973144685,-0.0008757176238665764,0.0,0.5088986725130108,0.00010035813933510621,0.0,0.4989964414215913,2.6562087535858154
R-CPI2,500,0.002305936214331594,0.0,0.4405033267719306,1.87496674766469,1.0,5.417025648793621e-09,-0.0004894765065858775,0.0,0.5133373691161341,0.00231150242020713,0.0,0.4421379189290489,1.3084652168277124,1.0,1.2660603516444756e-12,0.005278568735646553,0.0,0.3732264935023941,0.00010083224816822589,0.0,0.49729728270234397,-0.0023368897537133547,0.0,0.565282878890663,-0.001298714191093974,0.0,0.5355524900718587,-0.000551930776553174,0.0,0.5146361581765818,4.547423601150513
R-CPI2,1000,-0.00034859083067334486,0.0,0.5027695342743758,1.7480779134778972,1.0,1.6079364811911134e-09,0.004746187540248979,0.0,0.46243157567965,0.00012129553710433002,0.0,0.49903838783641474,1.786750270788913,1.0,2.219880860464833e-13,-1.6283589085947563e-05,0.0,0.5001289007592914,0.0001913751149766401,0.0,0.49848725569143965,-0.0007155001103874718,0.0,0.5056946546831005,-0.0001022467792698967,0.0,0.5008129689145181,-9.562472658749687e-05,0.0,0.5007597047107495,6.750256061553955
R-CPI2_sqrt,200,0.0032324702569197644,0.0,0.48013220652805133,0.964378403387474,1.0,0.00017984083014455462,0.0002891143504770001,0.0,0.4982103080742382,-0.006135851803285721,0.0,0.5395862074208572,1.3021917739399675,1.0,0.000273294660479204,0.0005226349814408415,0.0,0.49675239212174854,-0.00021681619313109065,0.0,0.5013474876326218,-0.005319223688273966,0.0,0.5322920234199976,-0.0008757176238665764,0.0,0.5054528887716501,0.00010035813933510621,0.0,0.49938124050917676,2.678333282470703
R-CPI2_sqrt,500,0.002305936214331594,0.0,0.4668579152348253,1.87496674766469,1.0,1.7929704280676673e-08,-0.0004894765065858775,0.0,0.5072428639529054,0.00231150242020713,0.0,0.46733830632859724,1.3084652168277124,1.0,2.5418438979098954e-11,0.005278568735646553,0.0,0.42690397518085743,0.00010083224816822589,0.0,0.49852133950803573,-0.0023368897537133547,0.0,0.5350853733353806,-0.001298714191093974,0.0,0.5192712444383919,-0.000551930776553174,0.0,0.5080467771313717,4.535646677017212
R-CPI2_sqrt,1000,-0.00034859083067334486,0.0,0.5024748457002693,1.7480779134778972,1.0,3.263155658041175e-09,0.004746187540248979,0.0,0.4664110522323052,0.00012129553710433002,0.0,0.49914051064605036,1.786750270788913,1.0,7.740859006415063e-13,-1.6283589085947563e-05,0.0,0.5001152298378464,0.0001913751149766401,0.0,0.4986474872321927,-0.0007155001103874718,0.0,0.5050877783555566,-0.0001022467792698967,0.0,0.5007264061621658,-9.562472658749687e-05,0.0,0.500678871561829,6.728777170181274
R-CPI2_n,200,0.0032324702569197644,0.0,0.4702271528561936,0.964378403387474,1.0,5.264876796206109e-05,0.0002891143504770001,0.0,0.4973076325932888,-0.006135851803285721,0.0,0.5607657391297308,1.3021917739399675,1.0,0.0001226268893301399,0.0005226349814408415,0.0,0.4951049744105991,-0.00021681619313109065,0.0,0.5020312046597581,-0.005319223688273966,0.0,0.5480727727337106,-0.0008757176238665764,0.0,0.5082274882126345,0.00010035813933510621,0.0,0.49907102455547925,2.6720352172851562
R-CPI2_n,500,0.002305936214331594,0.0,0.4441259007214119,1.87496674766469,1.0,6.002934006564251e-09,-0.0004894765065858775,0.0,0.5124800047063568,0.00231150242020713,0.0,0.4455627420771179,1.3084652168277124,1.0,1.653419830315704e-12,0.005278568735646553,0.0,0.38035307561785936,0.00010083224816822589,0.0,0.49746839533277337,-0.0023368897537133547,0.0,0.5610035870168524,-0.001298714191093974,0.0,0.5332594088459808,-0.000551930776553174,0.0,0.5137189654679204,4.508770704269409
R-CPI2_n,1000,-0.00034859083067334486,0.0,0.5027506245365195,1.7480779134778972,1.0,1.6769299786021256e-09,0.004746187540248979,0.0,0.4626867680405208,0.00012129553710433002,0.0,0.49904493951316026,1.786750270788913,1.0,2.391721904847167e-13,-1.6283589085947563e-05,0.0,0.500128023833113,0.0001913751149766401,0.0,0.498497532329016,-0.0007155001103874718,0.0,0.5056557056470519,-0.0001022467792698967,0.0,0.5008074138758223,-9.562472658749687e-05,0.0,0.5007545177769623,6.679923057556152
LOCO,200,0.000960804843737964,0.0,0.4903642479149132,1.3409714394636354,1.0,2.254279800989048e-05,0.005849989881051634,0.0,0.4452546764042029,0.01664253261979727,0.0,0.35134429560959335,2.1084092981530516,1.0,3.45292941048881e-06,-0.005406751729989029,0.0,0.5558021840686416,-0.008393304050752767,0.0,0.5874954740291527,0.007002534530087798,0.0,0.4372375200860197,-0.0015336400681217471,0.0,0.5156133068019568,0.003008390168551242,0.0,0.46982601405991237,14.12695860862732
LOCO,500,-0.0012642199660030662,0.0,0.5315598122371992,1.8587314838218325,1.0,4.557962083103461e-08,-0.0015227683494723754,0.0,0.5414291046418991,0.005304810375397401,0.0,0.3706089966704783,1.846316202796986,1.0,5.411350711155206e-15,0.00035612458467403074,0.0,0.4902542358810386,0.009291316550418802,0.0,0.29681621443766315,0.00314014381082911,0.0,0.4179307718685578,0.0027947667390289255,0.0,0.4250792304844728,0.004021448118369728,0.0,0.3999574306174678,14.25084376335144
LOCO,1000,-0.00027225613785035463,0.0,0.5021647519581166,1.835866368687771,1.0,7.366762253636932e-11,0.0036403548916834616,0.0,0.4706868956013788,-0.006224117809815188,0.0,0.5502990869083199,1.830696480605897,1.0,2.320265524562856e-12,0.0006357907558268427,0.0,0.49495010109187776,-0.001504834788139009,0.0,0.5126413907535973,-0.00462983904777696,0.0,0.5370053937027711,7.325082013964757e-05,0.0,0.49941127486108905,-0.0037202859153449702,0.0,0.5304606373525066,21.37255859375
LOCO_sqrt,200,0.000960804843737964,0.0,0.4940654066078307,1.3409714394636354,1.0,7.429709720508628e-05,0.005849989881051634,0.0,0.46536918656228227,0.01664253261979727,0.0,0.40389860185252185,2.1084092981530516,1.0,9.747339519098659e-06,-0.005406751729989029,0.0,0.5340138401656354,-0.008393304050752767,0.0,0.5531855420563843,0.007002534530087798,0.0,0.45966194793107557,-0.0015336400681217471,0.0,0.5095609298243825,0.003008390168551242,0.0,0.4814130678973444,13.84657096862793
LOCO_sqrt,500,-0.0012642199660030662,0.0,0.5178250713878407,1.8587314838218325,1.0,1.2299850327846647e-07,-0.0015227683494723754,0.0,0.5225229070643713,0.005304810375397401,0.0,0.42587274872096875,1.846316202796986,1.0,9.903849124382755e-14,0.00035612458467403074,0.0,0.494718119408166,0.009291316550418802,0.0,0.37733788603928453,0.00314014381082911,0.0,0.45450656474630646,0.0027947667390289255,0.0,0.4589527883984747,0.004021448118369728,0.0,0.44327590752371204,14.298578262329102
LOCO_sqrt,1000,-0.00027225613785035463,0.0,0.5019342528233213,1.835866368687771,1.0,1.7246762816430625e-10,0.0036403548916834616,0.0,0.47384126667798776,-0.006224117809815188,0.0,0.544876624789737,1.830696480605897,1.0,6.740226846585241e-12,0.0006357907558268427,0.0,0.4954872855803915,-0.001504834788139009,0.0,0.5112279736513522,-0.00462983904777696,0.0,0.5330512189170197,7.325082013964757e-05,0.0,0.49947456635279247,-0.0037202859153449702,0.0,0.5271338517837217,21.461504459381104
LOCO_n,200,0.000960804843737964,0.0,0.4910822310614093,1.3409714394636354,1.0,2.6683440058603833e-05,0.005849989881051634,0.0,0.44907001945637026,0.01664253261979727,0.0,0.3610801133615029,2.1084092981530516,1.0,3.9836267153388325e-06,-0.005406751729989029,0.0,0.5515440372795808,-0.008393304050752767,0.0,0.580785086424327,0.007002534530087798,0.0,0.4414354611509376,-0.0015336400681217471,0.0,0.5144338105157604,0.003008390168551242,0.0,0.47207292794112865,13.827570676803589
LOCO_n,500,-0.0012642199660030662,0.0,0.5296924904873281,1.8587314838218325,1.0,4.9620067683321776e-08,-0.0015227683494723754,0.0,0.5387735149188668,0.005304810375397401,0.0,0.3779847497431651,1.846316202796986,1.0,6.976736346975007e-15,0.00035612458467403074,0.0,0.49088330595118695,0.009291316550418802,0.0,0.3069771360429617,0.00314014381082911,0.0,0.42297310895050133,0.0027947667390289255,0.0,0.4297983658681273,0.004021448118369728,0.0,0.4058067135102724,14.158005475997925
LOCO_n,1000,-0.00027225613785035463,0.0,0.5021499600023046,1.835866368687771,1.0,7.748661678175233e-11,0.0036403548916834616,0.0,0.4708895448073651,-0.006224117809815188,0.0,0.5499507176956795,1.830696480605897,1.0,2.472413917709433e-12,0.0006357907558268427,0.0,0.49498457035297383,-0.001504834788139009,0.0,0.5125501790341285,-0.00462983904777696,0.0,0.5367515765385623,7.325082013964757e-05,0.0,0.49941534088132455,-0.0037202859153449702,0.0,0.530246552825045,21.4244966506958
LOCO-W,200,0.012065775530568732,0.0,0.00020674294309785957,0.0005408112022022532,0.0,0.10208690817011767,0.0006512868457450473,0.0,0.005558912551484663,-0.00010680586510376616,0.0,0.9995270399442372,0.2715721707589496,1.0,3.435152162722943e-11,0.326891713645654,1.0,2.976607849092261e-11,-0.0007565370712210626,0.0,0.9610509297899751,0.005832693748024677,0.0,5.726046985976563e-05,-0.0017073130813023535,0.0,0.9993804167428557,0.004352007143094753,0.0,0.00035929706022852503,29.376779794692993
LOCO-W,500,0.001916991071420684,0.0,5.376533995793409e-09,-0.0024513812513175222,0.0,0.9999999998584019,0.0005095569520637257,0.0,0.013650593584609405,0.0003634842209223587,0.0,0.005390225092142598,1.2737261409398508,1.0,0.0,1.2751414509671686,1.0,0.0,0.0002207208962744522,0.0,0.20065778264776535,0.0002647857600642604,0.0,0.10967202369875739,0.0005282084078199066,0.0,0.0006061958221750263,-0.00014189400182948483,0.0,0.9614550287638406,49.52116894721985
LOCO-W,1000,0.001119025200606493,0.0,0.07956625316323374,0.0012040806035724105,0.0,0.047521469486452306,-0.0002693976957749,0.0,0.7063962698348318,-0.003517824159458859,0.0,0.9999995837846066,1.2471025771185276,1.0,0.0,0.8244851093177169,1.0,0.0,-0.00034890930813926806,0.0,0.792782207382223,0.0026433978886416486,0.0,0.0009320017808559511,-0.0011011632172265463,0.0,0.9759195808652829,0.003121941530621967,0.0,0.001213475780527773,72.34171414375305
CPI,200,0.0015391098664122582,0.0,0.4869172971031935,0.0028343335596182906,0.0,0.47596265651623204,-0.0011864698974398402,0.0,0.5103991140429558,-0.00024379461049667261,0.0,0.5020735075773738,1.194700262393604,1.0,8.167567589491855e-05,2.302333223122927,1.0,5.7684207336071e-05,-0.008025881861706732,0.0,0.569921238662691,-0.0010177419573221547,0.0,0.5087001426105762,-0.000411350159227275,0.0,0.5034675816511192,-0.003214983092585097,0.0,0.5273025555588245,2.2281687259674072
CPI,500,4.294224302883731e-08,0.0,0.49999777816631047,-0.00023493910348862043,0.0,0.5119921302968483,5.993013596395855e-05,0.0,0.4969453893249072,-0.00014879200565958567,0.0,0.5077120942889779,1.1300967836401659,1.0,1.154554961637734e-06,1.5476918272839646,1.0,4.197296779668305e-09,-0.0006130963021730371,0.0,0.5318904234880639,-0.00035264222142467744,0.0,0.5190365701210553,-0.00039947143766863244,0.0,0.5208926198588574,-0.00026192819213396654,0.0,0.5135491508093954,4.419847249984741
CPI,1000,-0.003894420791885636,0.0,0.7081839661855113,0.00017072870346305363,0.0,0.4934156033202271,-0.0010959080832876403,0.0,0.5434616036036923,-0.00013865407625164583,0.0,0.5054506038240301,1.5952325934447056,1.0,8.839737707169822e-18,1.1544519588002038,1.0,7.02389297049583e-16,0.001519080471816453,0.0,0.44139123254936574,-0.00021443004900324747,0.0,0.5084245705482692,-0.0005212943259750302,0.0,0.5185525777439912,-0.0008100296005374222,0.0,0.5318815602221841,6.728656053543091
CPI_sqrt,200,0.0015391098664122582,0.0,0.4926658914575105,0.0028343335596182906,0.0,0.4865098209378455,-0.0011864698974398402,0.0,0.5057509459552928,-0.00024379461049667261,0.0,0.5011620512806564,1.194700262393604,1.0,0.00036545532917841173,2.302333223122927,1.0,0.00014062629182242127,-0.008025881861706732,0.0,0.5388208544652378,-0.0010177419573221547,0.0,0.5048649955934366,-0.000411350159227275,0.0,0.5019509340866848,-0.003214983092585097,0.0,0.5153142153316826,2.230919122695923
CPI_sqrt,500,4.294224302883731e-08,0.0,0.49999904345207385,-0.00023493910348862043,0.0,0.5052029498424777,5.993013596395855e-05,0.0,0.4986736719759478,-0.00014879200565958567,0.0,0.5033169415105605,1.1300967836401659,1.0,2.9337884301059794e-06,1.5476918272839646,1.0,1.4310400312517103e-08,-0.0006130963021730371,0.0,0.5136916245177481,-0.00035264222142467744,0.0,0.5079989745088747,-0.00039947143766863244,0.0,0.5089405695968772,-0.00026192819213396654,0.0,0.5058342222881926,4.4163854122161865
CPI_sqrt,1000,-0.003894420791885636,0.0,0.6145545872459208,0.00017072870346305363,0.0,0.49589986790565166,-0.0010959080832876403,0.0,0.5267900409326566,-0.00013865407625164583,0.0,0.5033695646708177,1.5952325934447056,1.0,9.137388964904467e-17,1.1544519588002038,1.0,9.798006910942102e-15,0.001519080471816453,0.0,0.46347885127321525,-0.00021443004900324747,0.0,0.5052092686642057,-0.0005212943259750302,0.0,0.5119001904142889,-0.0008100296005374222,0.0,0.5197048779626396,6.521387100219727
CPI_n,200,0.0015391098664122582,0.0,0.48811942103079137,0.0028343335596182906,0.0,0.4781660094604139,-0.0011864698974398402,0.0,0.5094165899092528,-0.00024379461049667261,0.0,0.5018828516330551,1.194700262393604,1.0,0.00010193375538299316,2.302333223122927,1.0,6.529679492281845e-05,-0.008025881861706732,0.0,0.5633783474533033,-0.0010177419573221547,0.0,0.5078965275004774,-0.000411350159227275,0.0,0.5031513130320047,-0.003214983092585097,0.0,0.5247971797709601,2.2533748149871826
CPI_n,500,4.294224302883731e-08,0.0,0.499997994740564,-0.00023493910348862043,0.0,0.5108375540625013,5.993013596395855e-05,0.0,0.49723912882075044,-0.00014879200565958567,0.0,0.5069591951966245,1.1300967836401659,1.0,1.251354442656323e-06,1.5476918272839646,1.0,4.663374578216721e-09,-0.0006130963021730371,0.0,0.5287696826477982,-0.00035264222142467744,0.0,0.5171092792058749,-0.00039947143766863244,0.0,0.5188369729204824,-0.00026192819213396654,0.0,0.5122289141962909,4.361202239990234
CPI_n,1000,-0.003894420791885636,0.0,0.6990000399777793,0.00017072870346305363,0.0,0.4936381474768993,-0.0010959080832876403,0.0,0.5419552518195337,-0.00013865407625164583,0.0,0.5052629445933202,1.5952325934447056,1.0,1.018017121567224e-17,1.1544519588002038,1.0,8.254329877718483e-16,0.001519080471816453,0.0,0.44336626750657915,-0.00021443004900324747,0.0,0.5081346931629296,-0.0005212943259750302,0.0,0.5179725854383715,-0.0008100296005374222,0.0,0.5307836828764473,6.5999040603637695
R-CPI,200,0.0010499588002448425,0.0,0.4950733059029824,0.004057079121233088,0.0,0.48111433865811176,-0.0036890595597228637,0.0,0.5177683386257321,-3.768146403131995e-05,0.0,0.5001754585268758,1.55168037150235,1.0,0.003378512570206535,2.19519286891661,1.0,0.00012209138903142332,-0.010421693375146545,0.0,0.5496904346153357,-0.0021339148665025258,0.0,0.5099784886702248,-0.0012342315845524517,0.0,0.5057520597575528,0.0003577499973095815,0.0,0.49835901603344146,2.240946054458618
R-CPI,500,0.0002942252717154622,0.0,0.49221818454213095,0.000445720733245538,0.0,0.48773619919875116,4.828404742513776e-05,0.0,0.4986225970141134,0.00018204833385964604,0.0,0.4949512388987797,1.139352844765922,1.0,1.8727161110487107e-09,1.86095330735105,1.0,7.516039777434788e-07,-0.000662737839379353,0.0,0.5190136514325614,-0.00011628768840994296,0.0,0.5034141654620925,-0.0008262936706666504,0.0,0.5240408257450471,-0.00046632995330358904,0.0,0.5134846713588767,4.421342134475708
R-CPI,1000,-0.0055018826906675315,0.0,0.655161295769451,-0.0009257251941738824,0.0,0.5200417623971261,-0.001188243258573181,0.0,0.5260904546534589,-0.00029925030265662544,0.0,0.5064568016047245,1.6976755622532287,1.0,1.7275267899664475e-13,1.3826828069737847,1.0,4.464389615856768e-17,0.004012300219882924,0.0,0.42550496207507316,-0.000535338846838106,0.0,0.5116112710676861,-0.0017724787869992124,0.0,0.5370148499063541,-0.0008767001884537783,0.0,0.5188369734744819,6.543157339096069
R-CPI_sqrt,200,0.0010499588002448425,0.0,0.496561297226025,0.004057079121233088,0.0,0.48678562784546087,-0.0036890595597228637,0.0,0.5123042570047607,-3.768146403131995e-05,0.0,0.5001227485184638,1.55168037150235,1.0,0.0054617724035506765,2.19519286891661,1.0,0.0002743079774231365,-0.010421693375146545,0.0,0.5345332749089197,-0.0021339148665025258,0.0,0.5069720775599005,-0.0012342315845524517,0.0,0.5040230379716297,0.0003577499973095815,0.0,0.49884682452891266,2.2466728687286377
R-CPI_sqrt,500,0.0002942252717154622,0.0,0.49535731258710763,0.000445720733245538,0.0,0.492800226114932,4.828404742513776e-05,0.0,0.4992034954284144,0.00018204833385964604,0.0,0.49704578096178603,1.139352844765922,1.0,1.0744438073311806e-08,1.86095330735105,1.0,1.3846762898121493e-06,-0.000662737839379353,0.0,0.5109696015396894,-0.00011628768840994296,0.0,0.5019502939925874,-0.0008262936706666504,0.0,0.5137883141595945,-0.00046632995330358904,0.0,0.5077534320829419,4.356724977493286
R-CPI_sqrt,1000,-0.0055018826906675315,0.0,0.6081311516061301,-0.0009257251941738824,0.0,0.5149561782494796,-0.001188243258573181,0.0,0.5194012066269224,-0.00029925030265662544,0.0,0.5048221864688952,1.6976755622532287,1.0,6.949716816002643e-13,1.3826828069737847,1.0,5.46352357992142e-16,0.004012300219882924,0.0,0.44226856981644214,-0.000535338846838106,0.0,0.5086604212425755,-0.0017724787869992124,0.0,0.5278781246854335,-0.0008767001884537783,0.0,0.5140839776399507,6.5596559047698975
R-CPI_n,200,0.0010499588002448425,0.0,0.49533396641537136,0.004057079121233088,0.0,0.4821057045580977,-0.0036890595597228637,0.0,0.5168049805311703,-3.768146403131995e-05,0.0,0.500166242509519,1.55168037150235,1.0,0.0036122412713927945,2.19519286891661,1.0,0.00013663737869890367,-0.010421693375146545,0.0,0.5470274403146185,-0.0021339148665025258,0.0,0.5094523054213507,-0.0012342315845524517,0.0,0.5054496897210999,0.0003577499973095815,0.0,0.49844399084043545,2.217759370803833
R-CPI_n,500,0.0002942252717154622,0.0,0.4926253098180372,0.000445720733245538,0.0,0.4884022113654493,4.828404742513776e-05,0.0,0.49870000868206527,0.00018204833385964604,0.0,0.4952275137024573,1.139352844765922,1.0,2.1820054606547123e-09,1.86095330735105,1.0,7.914513097128307e-07,-0.000662737839379353,0.0,0.5179396802945322,-0.00011628768840994296,0.0,0.5032170104857254,-0.0008262936706666504,0.0,0.5226650941556698,-0.00046632995330358904,0.0,0.5127171870273104,4.40805983543396
R-CPI_n,1000,-0.0055018826906675315,0.0,0.651389626095167,-0.0009257251941738824,0.0,0.5196559199189207,-0.001188243258573181,0.0,0.5255813146540558,-0.00029925030265662544,0.0,0.5063328630162744,1.6976755622532287,1.0,1.8777616266876604e-13,1.3826828069737847,1.0,5.1986113527344224e-17,0.004012300219882924,0.0,0.4267317492590498,-0.000535338846838106,0.0,0.5113872686925792,-0.0017724787869992124,0.0,0.5363276850933042,-0.0008767001884537783,0.0,0.5184769961469579,6.57713770866394
R-CPI2,200,0.00011803575723204533,0.0,0.49948958528921383,0.003289967163107901,0.0,0.48585363769641204,-0.002924626276789857,0.0,0.5128616482841362,-9.90655453896822e-05,0.0,0.5004243182650631,1.6211384641841604,1.0,0.011768029664193852,2.1266689262171137,1.0,8.699829960604757e-05,-0.011711922289197766,0.0,0.5510860368989537,-0.0014859770444132215,0.0,0.5063701570048147,-0.0008951628391879402,0.0,0.5038274018654226,-0.001337749666412985,0.0,0.5056739935253807,2.2922885417938232
R-CPI2,500,0.002737595341722993,0.0,0.43937841307728076,0.0002991670031803117,0.0,0.4924467127618048,-9.176325474750328e-05,0.0,0.5023819583612612,0.0006031468819641787,0.0,0.48500007435701226,1.3573805897421976,1.0,8.662394638524841e-08,1.8707611074838106,1.0,1.1957737013028332e-06,-0.0010064981808117703,0.0,0.5265843789341905,-5.8661735458002536e-05,0.0,0.5015688945762704,-0.0007131146669240714,0.0,0.5191760802659074,-0.000480310071888291,0.0,0.5127958803185256,4.532470464706421
R-CPI2,1000,-0.005495752245954868,0.0,0.6376264109260904,-0.0020011540572643775,0.0,0.5398979444331222,-0.0009359556602384133,0.0,0.5188812095265717,-0.0001094542077228428,0.0,0.5021609718545756,1.6974005268259396,1.0,2.800894687319491e-13,1.41621738574188,1.0,5.889735909467983e-16,0.0028376390164119997,0.0,0.45061493811610737,-0.0003279802657528323,0.0,0.5064800834658592,-0.0015159403669579212,0.0,0.5283208265100992,-0.000583602800725327,0.0,0.5115180545989699,6.768221139907837
R-CPI2_sqrt,200,0.00011803575723204533,0.0,0.4996351015800024,0.003289967163107901,0.0,0.4898699649029625,-0.002924626276789857,0.0,0.5091508687227345,-9.90655453896822e-05,0.0,0.5003041703901908,1.6211384641841604,1.0,0.015623227428742958,2.1266689262171137,1.0,0.00021164648494645247,-0.011711922289197766,0.0,0.5364517690586136,-0.0014859770444132215,0.0,0.5045653552288797,-0.0008951628391879402,0.0,0.5027450336347093,-0.001337749666412985,0.0,0.5040786610660205,2.3119750022888184
R-CPI2_sqrt,500,0.002737595341722993,0.0,0.4612573520450854,0.0002991670031803117,0.0,0.4954095876078006,-9.176325474750328e-05,0.0,0.5014317931172183,0.0006031468819641787,0.0,0.490829711281091,1.3573805897421976,1.0,2.471519537236826e-07,1.8707611074838106,1.0,2.123715485302426e-06,-0.0010064981808117703,0.0,0.5158716736563517,-5.8661735458002536e-05,0.0,0.5009317894988183,-0.0007131146669240714,0.0,0.5113648434149688,-0.000480310071888291,0.0,0.5076119783983942,4.563752174377441
R-CPI2_sqrt,1000,-0.005495752245954868,0.0,0.5991821520385289,-0.0020011540572643775,0.0,0.530390609908726,-0.0009359556602384133,0.0,0.5143381592179623,-0.0001094542077228428,0.0,0.5016493665452842,1.6974005268259396,1.0,1.0867762574582582e-12,1.41621738574188,1.0,5.26357374801971e-15,0.0028376390164119997,0.0,0.46120197578471667,-0.0003279802657528323,0.0,0.5049451201711479,-0.0015159403669579212,0.0,0.5218977446782522,-0.000583602800725327,0.0,0.5087921357916081,6.7466912269592285
R-CPI2_n,200,0.00011803575723204533,0.0,0.49951457636207286,0.003289967163107901,0.0,0.48654242916359564,-0.002924626276789857,0.0,0.512221845650597,-9.90655453896822e-05,0.0,0.500403730235221,1.6211384641841604,1.0,0.012234235737190019,2.1266689262171137,1.0,9.849649236102383e-05,-0.011711922289197766,0.0,0.5485703145634093,-0.0014859770444132215,0.0,0.5060608372903177,-0.0008951628391879402,0.0,0.5036420097403396,-0.001337749666412985,0.0,0.5054012533625444,2.279437303543091
R-CPI2_n,500,0.002737595341722993,0.0,0.4420472798003178,0.0002991670031803117,0.0,0.4928248405956147,-9.176325474750328e-05,0.0,0.502259527748565,0.0006031468819641787,0.0,0.48574017747755055,1.3573805897421976,1.0,9.47952806080151e-08,1.8707611074838106,1.0,1.2552217409029474e-06,-0.0010064981808117703,0.0,0.5251961778059925,-5.8661735458002536e-05,0.0,0.5014859385248531,-0.0007131146669240714,0.0,0.5181572508286881,-0.000480310071888291,0.0,0.5121218840949926,4.546415567398071
R-CPI2_n,1000,-0.005495752245954868,0.0,0.6346303722344045,-0.0020011540572643775,0.0,0.5391903619356424,-0.0009359556602384133,0.0,0.5185420414980213,-0.0001094542077228428,0.0,0.5021229531617089,1.6974005268259396,1.0,3.037808583163882e-13,1.41621738574188,1.0,6.725795885189067e-16,0.0028376390164119997,0.0,0.4513805192827212,-0.0003279802657528323,0.0,0.5063659999336994,-0.0015159403669579212,0.0,0.5278492843604783,-0.000583602800725327,0.0,0.5113155108518428,6.765111207962036
LOCO,200,0.006142111163856878,0.0,0.47359607862409425,-0.0038828925544716064,0.0,0.5166058043526384,0.0055316639480560426,0.0,0.47645487589457663,-0.012607171830237685,0.0,0.5563827681076009,2.273867053458299,1.0,0.0037914824225605374,2.633724206189107,1.0,0.0006745897135711636,-0.03997933349266883,0.0,0.6737397128786085,-0.014904575289649391,0.0,0.5644481675909072,-0.018524049643368012,0.0,0.5851893681691838,-0.0006796864614022069,0.0,0.5029743119741595,13.451330423355103
LOCO,500,-0.0015502235672045714,0.0,0.5391350710804469,-0.0016873718354664807,0.0,0.5447488522948629,-0.00037646164167877416,0.0,0.509610075322157,0.0009739775413736204,0.0,0.47615320713226655,1.7473582902759097,1.0,3.819129971288525e-08,1.7350678252081255,1.0,1.898606992285077e-09,-0.0030184436194803307,0.0,0.5832807796224897,0.0019842664994869225,0.0,0.4538384943994094,0.0010648716705314587,0.0,0.47327392391998124,0.0024097451171040257,0.0,0.4399427230579597,14.62740159034729
LOCO,1000,-0.009968365883906823,0.0,0.7458789943103286,0.00016826984031040326,0.0,0.49703041682711724,-0.0043494555437799814,0.0,0.5757612441615644,-0.001965933129612421,0.0,0.5440339158674664,1.9901103575763672,1.0,1.131544973392963e-11,1.4586005937927093,1.0,2.6941841023787173e-16,0.006713593929366823,0.0,0.40794015364341274,0.0022479926228074626,0.0,0.4561062930246628,-0.00515350049545972,0.0,0.5890534913009883,0.005722340612208998,0.0,0.4113724698360776,21.6448872089386
LOCO_sqrt,200,0.006142111163856878,0.0,0.4810892072170683,-0.0038828925544716064,0.0,0.5119096398658195,0.0055316639480560426,0.0,0.4830898747076839,-0.012607171830237685,0.0,0.5399464221803393,2.273867053458299,1.0,0.005240845165688534,2.633724206189107,1.0,0.0010776999075353209,-0.03997933349266883,0.0,0.6248912970257118,-0.014904575289649391,0.0,0.5461161573677988,-0.018524049643368012,0.0,0.5599159661326899,-0.0006796864614022069,0.0,0.5021191240784025,13.367253303527832
LOCO_sqrt,500,-0.0015502235672045714,0.0,0.5237937021465894,-0.0016873718354664807,0.0,0.5266815799792287,-0.00037646164167877416,0.0,0.5058151849405094,0.0009739775413736204,0.0,0.4853315082139324,1.7473582902759097,1.0,9.343765096773871e-08,1.7350678252081255,1.0,6.15037827194016e-09,-0.0030184436194803307,0.0,0.5489217549315645,0.0019842664994869225,0.0,0.4710389195326324,0.0010648716705314587,0.0,0.48371701140219603,0.0024097451171040257,0.0,0.4632830240915172,14.330657005310059
LOCO_sqrt,1000,-0.009968365883906823,0.0,0.6798299182680836,0.00016826984031040326,0.0,0.4976750382297466,-0.0043494555437799814,0.0,0.559544111920531,-0.001965933129612421,0.0,0.5325846224060795,1.9901103575763672,1.0,2.8770312175348254e-11,1.4586005937927093,1.0,2.443338618837346e-15,0.006713593929366823,0.0,0.4241577466372811,0.0022479926228074626,0.0,0.4663982567847287,-0.00515350049545972,0.0,0.570138265409668,0.005722340612208998,0.0,0.42862367722558925,21.668572664260864
LOCO_n,200,0.006142111163856878,0.0,0.47488079967728924,-0.0038828925544716064,0.0,0.5158014691368358,0.0055316639480560426,0.0,0.4775898951801936,-0.012607171830237685,0.0,0.5535410257122497,2.273867053458299,1.0,0.00396205714922193,2.633724206189107,1.0,0.0007190661504289324,-0.03997933349266883,0.0,0.6654561679268131,-0.014904575289649391,0.0,0.5613053039855006,-0.018524049643368012,0.0,0.5807979069026441,-0.0006796864614022069,0.0,0.5028270269710703,13.52566409111023
LOCO_n,500,-0.0015502235672045714,0.0,0.5371788727453775,-0.0016873718354664807,0.0,0.5424060251447006,-0.00037646164167877416,0.0,0.5091239390957212,0.0009739775413736204,0.0,0.4773120873872267,1.7473582902759097,1.0,4.121311568303303e-08,1.7350678252081255,1.0,2.0992887152252982e-09,-0.0030184436194803307,0.0,0.5787755171396654,0.0019842664994869225,0.0,0.4559719751831499,0.0010648716705314587,0.0,0.4746034963108942,0.0024097451171040257,0.0,0.4429024136325308,14.467694520950317
LOCO_n,1000,-0.009968365883906823,0.0,0.7408802105950753,0.00016826984031040326,0.0,0.4970772039120445,-0.0043494555437799814,0.0,0.5745898029853223,-0.001965933129612421,0.0,0.5431588090455823,1.9901103575763672,1.0,1.1960753046012547e-11,1.4586005937927093,1.0,3.0790289171008883e-16,0.006713593929366823,0.0,0.4090611480954049,0.0022479926228074626,0.0,0.45686868180846735,-0.00515350049545972,0.0,0.5876904523415706,0.005722340612208998,0.0,0.41259031333308227,21.513509035110474
